domain,vertical,region,company,batch,stratum,n_article_urls,best_path,qualified,error,crawls
boalogistics.com,services_other,us,BOA Logistics,inc.com_api_i5list,inc.com_api_i5list,398,blog/,True,,
stickergiant.com,ecommerce_retail,us,StickerGiant,inc.com_api_i5list,inc.com_api_i5list,398,blog/,True,,
pivotint.com,services_other,us,Pivot International,inc.com_api_i5list,inc.com_api_i5list,396,blog/,True,,
berndtcpa.com,services_other,us,Berndt CPA,inc.com_api_i5list,inc.com_api_i5list,395,blog/,True,,
zerodown.com,other,us,ZeroDown,Winter 2019,yc,394,blog/,True,,
skyriverit.com,services_other,us,Skyriver IT,inc.com_api_i5list,inc.com_api_i5list,391,blog/,True,,
ruby.com,services_other,us,Ruby,inc.com_api_i5list,inc.com_api_i5list,388,blog/,True,,
givemetap.com,ecommerce_retail,eu,GiveMeTap,yc_directory,yc_directory,382,blog/,True,,
cybersecurityintelligence.com,services_other,eu,Radar Cyber Security,ft1000_wayback:20220301043147,ft1000_wayback:20220301043147,382,blog/,True,,
splendidspoon.com,ecommerce_retail,us,Splendid Spoon,inc.com_api_i5list,inc.com_api_i5list,379,blog/,True,,
fundrise.com,fintech_insurance,us,Fundrise,inc.com_api_i5list,inc.com_api_i5list,377,blog.,True,,
about.gitlab.com,devtools,,GitLab,g2.com_wayback,g2.com_wayback,377,blog/,True,,
cyberark.com,software_saas,us,CyberArk Identity (formerly Idaptive),g2.com_wayback,g2.com_wayback,377,blog/,True,,
beyondtrust.com,software_saas,us,BeyondTrust,inc.com_api_i5list,inc.com_api_i5list,376,blog/,True,,
matterport.com,ecommerce,us,Matterport,Winter 2012,yc,374,blog/,True,,
edenworkplace.com,saas,us,Eden,Summer 2015,yc,374,blog/,True,,
thedailygraceco.com,ecommerce_retail,us,The Daily Grace Co.,inc.com_api_i5list,inc.com_api_i5list,374,blog/,True,,
renthop.com,ecommerce,us,RentHop,Summer 2009,yc,370,blog/,True,,
verbling.com,other,us,Verbling,Summer 2011,yc,367,articles/,True,,
gochirp.com,health,us,Chirp,inc.com_api_i5list,inc.com_api_i5list,367,blog/,True,,
scrimba.com,edtech,eu,Scrimba,yc_directory,yc_directory,362,blog.,True,,
oxylabs.io,devtools,eu,Oxylabs.io,ft1000_wayback:20220301043147,ft1000_wayback:20220301043147,355,blog/,True,,
lendingworks.co.uk,fintech_insurance,uk,Lending Works,ft1000_wayback:20210331132419,ft1000_wayback:20210331132419,353,blog/,True,,
wyndly.com,ecommerce,us,Wyndly,Winter 2021,yc,353,blog/,True,,
okcredit.in,fintech,us,OkCredit,Summer 2018,yc,351,blog/,True,,
goekos.com,software_saas,us,Ekos,inc.com_api_i5list,inc.com_api_i5list,345,blog/,True,,
rakenapp.com,services_other,us,Raken DEACTIVATED,inc.com_api_i5list,inc.com_api_i5list,342,blog/,True,,
skinbylovely.com,health,us,Skin by Lovely,inc.com_api_i5list,inc.com_api_i5list,341,blog/,True,,
zerocater.com,saas,us,Zerocater,Winter 2011,yc,341,blog/,True,,
elearningbrothers.com,edtech,us,eLearning Brothers,inc.com_api_i5list,inc.com_api_i5list,340,blog/,True,,
avatier.com,software_saas,us,Avatier Identity Anywhere,g2.com_wayback,g2.com_wayback,340,blog/,True,,
highkey.com,ecommerce_retail,us,HighKey,inc.com_api_i5list,inc.com_api_i5list,338,blog/,True,,
rainforestqa.com,devtools,us,Rainforest,Summer 2012,yc,338,blog/,True,,
ambition.com,saas,us,Ambition,Winter 2014,yc,337,blog/,True,,
reamaze.com,software_saas,us,Re:amaze,g2.com_wayback,g2.com_wayback,335,blog.,True,,
medcerts.com,edtech,us,MedCerts,inc.com_api_i5list,inc.com_api_i5list,332,blog/,True,,
intelycare.com,health,us,IntelyCare,inc.com_api_i5list,inc.com_api_i5list,332,blog/,True,,
orchard.com,services_other,us,Orchard Homes,inc.com_api_i5list,inc.com_api_i5list,331,blog/,True,,
tickpick.com,ecommerce_retail,us,TickPick,inc.com_api_i5list,inc.com_api_i5list,330,blog/,True,,
kadenze.com,edtech,us,Kannu,g2.com_wayback,g2.com_wayback,325,blog.,True,,
legitscript.com,services_other,us,LegitScript,inc.com_api_i5list,inc.com_api_i5list,325,blog/,True,,
demandsphere.com,software_saas,us,DemandSphere,yc_directory,yc_directory,324,blog/,True,,
somatechnology.com,health,us,Soma Tech Intl,inc.com_api_i5list,inc.com_api_i5list,322,blog/,True,,
hellosign.com,saas,us,HelloSign,Winter 2011,yc,321,blog/,True,,
ticketstumbler.com,ecommerce,us,Ticket Stumbler,Summer 2008,yc,321,blog/,True,,
escalon.services,services_other,us,Escalon Services,inc.com_api_i5list,inc.com_api_i5list,319,blog/,True,,
compliancequest.com,software_saas,us,ComplianceQuest,inc.com_api_i5list,inc.com_api_i5list,318,blog/,True,,
cornerstoneondemand.com,software_saas,us,Cornerstone Learning,g2.com_wayback,g2.com_wayback,317,blog/,True,,
getfishtank.ca,services_other,us,Moosend,g2.com_wayback,g2.com_wayback,316,blog/,True,,
gitprime.com,devtools,us,GitPrime,yc_directory,yc_directory,313,blog.,True,,
accountingseed.com,software_saas,us,Accounting Seed,inc.com_api_i5list,inc.com_api_i5list,312,blog/,True,,
siteimprove.com,software_saas,eu,Siteimprove,ft1000_wayback:20230425220624,ft1000_wayback:20230425220624,310,blog/,True,,
lendinghome.com,fintech_insurance,us,LendingHome,inc.com_api_i5list,inc.com_api_i5list,310,blog/,True,,
tandymgroup.com,services_other,us,Tandym Group,inc.com_api_i5list,inc.com_api_i5list,308,blog.,True,,
coffeemeetsbagel.com,software_saas,us,Coffee Meets Bagel,inc.com_api_i5list,inc.com_api_i5list,307,blog/,True,,
paddle.com,fintech_insurance,other,Paddle,g2.com_wayback,g2.com_wayback,305,blog/,True,,
kingsview.com,fintech_insurance,us,Kingsview Partners,inc.com_api_i5list,inc.com_api_i5list,305,blog.,True,,
projectwedding.com,ecommerce,us,Project Wedding,Winter 2006,yc,305,blog/,True,,
hracuity.com,software_saas,us,HR Acuity,inc.com_api_i5list,inc.com_api_i5list,303,blog/,True,,
hideitmounts.com,ecommerce_retail,us,HIDEit Mounts,inc.com_api_i5list,inc.com_api_i5list,303,blog/,True,,
getchute.com,software_saas,us,Chute,yc_directory,yc_directory,302,blog.,True,,
cargas.com,software_saas,us,Cargas Systems,inc.com_api_i5list,inc.com_api_i5list,297,blog/,True,,
ediblearrangements.com,ecommerce_retail,us,Edible Arrangements,inc.com_api_i5list,inc.com_api_i5list,296,blog/,True,,
aus.com,services_other,us,Allied Universal,inc.com_api_i5list,inc.com_api_i5list,293,blog/,True,,
corpnet.com,services_other,us,CorpNet,inc.com_api_i5list,inc.com_api_i5list,291,blog/,True,,
qulture.rocks,saas,us,Qulture.Rocks,Winter 2018,yc,291,blog/,True,,
asana.com,software_saas,us,Asana,g2.com_wayback,g2.com_wayback,291,blog.,True,,
wovenware.com,software_saas,us,Wovenware,inc.com_api_i5list,inc.com_api_i5list,289,blog/,True,,
ahazou.com,fintech,us,Ahazou,Summer 2021,yc,289,blog.,True,,
mequilibrium.com,software_saas,us,New Life Solution,inc.com_api_i5list,inc.com_api_i5list,288,resources/,True,,
goldfishswimschool.com,services_other,us,Goldfish Swim School Franchising,inc.com_api_i5list,inc.com_api_i5list,288,blog/,True,,
zox.la,ecommerce_retail,us,ZOX,inc.com_api_i5list,inc.com_api_i5list,285,blog/,True,,
reltio.com,software_saas,us,Reltio,inc.com_api_i5list,inc.com_api_i5list,284,blog/,True,,
mynuface.com,ecommerce_retail,us,Carol Cole Co.,inc.com_api_i5list,inc.com_api_i5list,282,blog/,True,,
ametros.com,health,us,Ametros,inc.com_api_i5list,inc.com_api_i5list,282,blog/,True,,
projectrepat.com,ecommerce_retail,us,Project Repat,inc.com_api_i5list,inc.com_api_i5list,281,blog/,True,,
incauthority.com,services_other,us,Inc Authority,inc.com_api_i5list,inc.com_api_i5list,280,blog/,True,,
embroker.com,fintech_insurance,us,Embroker,inc.com_api_i5list,inc.com_api_i5list,279,blog/,True,,
lookaftermybills.com,fintech,eu,Look After My Bills,Winter 2018,yc,278,blog/,True,,
gooten.com,ecommerce_retail,us,Gooten,inc.com_api_i5list,inc.com_api_i5list,276,blog/,True,,
prialto.com,services_other,us,Prialto,inc.com_api_i5list,inc.com_api_i5list,275,blog/,True,,
cbinsights.com,software_saas,us,CB Insights,inc.com_api_i5list,inc.com_api_i5list,274,blog/,True,,
worthpoint.com,ecommerce_retail,us,WorthPoint Corporation,inc.com_api_i5list,inc.com_api_i5list,274,blog/,True,,
gladly.com,software_saas,,Gladly,g2.com_wayback,g2.com_wayback,274,blog/,True,,
clear.co,fintech_insurance,us,Clearco,inc.com_api_i5list,inc.com_api_i5list,273,blog/,True,,
medixteam.com,services_other,us,Medix Staffing Solutions,inc.com_api_i5list,inc.com_api_i5list,273,blog/,True,,
callcenter-salespro.com,services_other,us,Call Center Sales Pro,inc.com_api_i5list,inc.com_api_i5list,272,blog/,True,,
classdojo.com,ecommerce,us,ClassDojo,Summer 2012,yc,271,blog.,True,,
bigbinary.com,services_other,us,BigBinary,inc.com_api_i5list,inc.com_api_i5list,271,blog/,True,,
healthcareitleaders.com,health,us,Healthcare IT Leaders,inc.com_api_i5list,inc.com_api_i5list,271,blog/,True,,
zentail.com,ecommerce,us,Zentail,Summer 2012,yc,271,blog/,True,,
everydoorrealestate.com,services_other,us,Top Pod,inc.com_api_i5list,inc.com_api_i5list,270,blog/,True,,
aceup.com,services_other,us,AceUp,inc.com_api_i5list,inc.com_api_i5list,268,blog.,True,,
kenwayconsulting.com,services_other,us,Kenway Consulting,inc.com_api_i5list,inc.com_api_i5list,267,blog/,True,,
bulldozair.com,software_saas,eu,Bulldozair,yc_directory,yc_directory,267,blog.,True,,
quiq.com,software_saas,us,Quiq,inc.com_api_i5list,inc.com_api_i5list,266,blog/,True,,
fullstackacademy.com,other,us,Fullstack Academy,Summer 2012,yc,265,blog/,True,,
strongeru.com,health,us,Stronger U Nutrition,inc.com_api_i5list,inc.com_api_i5list,265,blog/,True,,
marathon.edu.vn,edtech,us,Marathon Education,yc_directory,yc_directory,264,blog.,True,,
braze.com,software_saas,us,Braze,g2.com_wayback,g2.com_wayback,264,blog/,True,,
teamiblends.com,ecommerce_retail,us,Teami Blends,inc.com_api_i5list,inc.com_api_i5list,261,blog/,True,,
prevu.com,services_other,us,Prevu,inc.com_api_i5list,inc.com_api_i5list,260,blog/,True,,
markspain.com,services_other,us,Mark Spain Real Estate,inc.com_api_i5list,inc.com_api_i5list,260,blog/,True,,
chetu.com,services_other,us,Chetu,inc.com_api_i5list,inc.com_api_i5list,260,blog/,True,,
fond.co,fintech,us,Fond,Winter 2012,yc,260,blog/,True,,
netguru.com,services_other,eu,Netguru,ft1000_wayback:20220301043147,ft1000_wayback:20220301043147,259,blog/,True,,
corsicatech.com,services_other,us,Corsica Technologies,inc.com_api_i5list,inc.com_api_i5list,259,blog/,True,,
agencyanalytics.com,software_saas,other,AgencyAnalytics,g2.com_wayback,g2.com_wayback,256,blog/,True,,
realmanage.com,services_other,us,RealManage,inc.com_api_i5list,inc.com_api_i5list,255,blog.,True,,
yensa.com,ecommerce_retail,us,YENSA beauty,inc.com_api_i5list,inc.com_api_i5list,254,blog/,True,,
searchspring.com,software_saas,us,Searchspring,inc.com_api_i5list,inc.com_api_i5list,253,blog/,True,,
perfectserve.com,health,us,Perfectserve,inc.com_api_i5list,inc.com_api_i5list,252,blog/,True,,
madeintandem.com,services_other,us,Tandem,inc.com_api_i5list,inc.com_api_i5list,251,blog/,True,,
ruggedtabletpc.com,ecommerce_retail,us,MobileDemand,inc.com_api_i5list,inc.com_api_i5list,250,blog/,True,,
sheerid.com,software_saas,us,SheerID,inc.com_api_i5list,inc.com_api_i5list,248,blog/,True,,
bolt.eu,services_other,eu,Bolt,ft1000_wayback:20220301043147,ft1000_wayback:20220301043147,246,blog.,True,,
ramp.com,fintech,us,Paribus,Summer 2015,yc,244,blog/,True,,
thndr.app,fintech,us,Thndr,Summer 2020,yc,243,blog.,True,,
citusdata.com,devtools,eu,Citus Data,Summer 2011,yc,243,blog/,True,,
executivespeakers.com,services_other,us,Executive Speakers Bureau,inc.com_api_i5list,inc.com_api_i5list,242,blog/,True,,
pieinsurance.com,fintech_insurance,us,Pie Insurance,inc.com_api_i5list,inc.com_api_i5list,237,blog/,True,,
discoverorg.com,software_saas,us,DiscoverOrg,inc.com_api_i5list,inc.com_api_i5list,237,blog/,True,,
logicbroker.com,software_saas,us,Logicbroker,inc.com_api_i5list,inc.com_api_i5list,236,blog.,True,,
scentbird.com,ecommerce,us,Scentbird,Summer 2015,yc,235,blog/,True,,
getcasely.com,ecommerce_retail,us,Casely,inc.com_api_i5list,inc.com_api_i5list,234,blog/,True,,
daily.co,devtools,us,Daily,yc_directory,yc_directory,232,blog/,True,,
distillery.com,services_other,us,Distillery Tech,inc.com_api_i5list,inc.com_api_i5list,232,blog/,True,,
reverb.com,ecommerce_retail,us,Reverb.com,inc.com_api_i5list,inc.com_api_i5list,232,blog/,True,,
paramountbusinessjets.com,services_other,us,Paramount Business Jets,inc.com_api_i5list,inc.com_api_i5list,231,blog/,True,,
protecequip.com,services_other,us,Protec Equipment Resources,inc.com_api_i5list,inc.com_api_i5list,231,blog/,True,,
campus.ink,ecommerce_retail,us,Campus Ink,inc.com_api_i5list,inc.com_api_i5list,230,blog/,True,,
jenis.com,ecommerce_retail,us,Jeni's Splendid Ice Creams,inc.com_api_i5list,inc.com_api_i5list,229,blog/,True,,
celerity-uk.com,services_other,uk,Celerity,ft1000_wayback:20230425220624,ft1000_wayback:20230425220624,229,blog/,True,,
hypercontext.com,saas,us,Hypercontext,Summer 2021,yc,229,blog/,True,,
modernfertility.com,ecommerce,us,Modern Fertility,Summer 2017,yc,228,blog/,True,,
sellvia.com,ecommerce_retail,us,Sellvia,inc.com_api_i5list,inc.com_api_i5list,227,blog/,True,,
compassitc.com,services_other,us,Compass IT Compliance,inc.com_api_i5list,inc.com_api_i5list,226,blog/,True,,
kindful.com,software_saas,us,Kindful,inc.com_api_i5list,inc.com_api_i5list,226,blog/,True,,
trafficsafetystore.com,ecommerce_retail,us,MUVZ,inc.com_api_i5list,inc.com_api_i5list,225,blog/,True,,
hiverhq.com,software_saas,us,Hiver,g2.com_wayback,g2.com_wayback,225,blog/,True,,
marginedge.com,software_saas,us,MarginEdge,inc.com_api_i5list,inc.com_api_i5list,225,blog/,True,,
sketchdeck.com,saas,us,SketchDeck,Winter 2014,yc,224,blog/,True,,
7layers.com,services_other,eu,7Layers,ft1000_wayback:20210331132419,ft1000_wayback:20210331132419,223,blog/,True,,
rescale.com,saas,us,Rescale,Winter 2012,yc,223,blog/,True,,
livingsecurity.com,software_saas,us,Living Security,inc.com_api_i5list,inc.com_api_i5list,223,blog/,True,,
flexfits.com,ecommerce,us,The Flex Company,Summer 2016,yc,222,blog.,True,,
ketoand.co,ecommerce_retail,us,LongRun,inc.com_api_i5list,inc.com_api_i5list,221,blog/,True,,
clockshark.com,software_saas,us,ClockShark,inc.com_api_i5list,inc.com_api_i5list,221,blog/,True,,
virool.com,software_saas,us,Virool,yc_directory,yc_directory,221,blog/,True,,
supabase.com,devtools,us,Supabase,Summer 2020,yc,220,blog/,True,,
wrike.com,software_saas,,Wrike,g2.com_wayback,g2.com_wayback,220,blog/,True,,
livestorm.co,software_saas,eu,Livestorm,ft1000_wayback:20210331132419,ft1000_wayback:20210331132419,219,blog/,True,,
currencycloud.com,fintech_insurance,uk,The Currency Cloud Group,ft1000_wayback:20230425220624,ft1000_wayback:20230425220624,219,blog.,True,,
nanonets.com,devtools,us,NanoNets,Winter 2017,yc,217,blog/,True,,
bitrise.io,devtools,eu,Bitrise,Winter 2017,yc,217,blog.,True,,
bearaby.com,ecommerce_retail,us,Bearaby,inc.com_api_i5list,inc.com_api_i5list,215,blog/,True,,
rocketrip.com,fintech,us,Rocketrip,Winter 2014,yc,214,blog.,True,,
fearless.tech,services_other,us,Fearless,inc.com_api_i5list,inc.com_api_i5list,213,blog/,True,,
soylent.com,ecommerce,us,Soylent,Summer 2012,yc,213,blog/,True,,
symplr.com,health,us,Vendor Credentialing Service,inc.com_api_i5list,inc.com_api_i5list,213,blog/,True,,
chartio.com,saas,us,Chartio,Summer 2010,yc,213,blog/,True,,
zeusliving.com,other,us,Zeus,Summer 2011,yc,213,blog/,True,,
shopvida.com,ecommerce,us,VIDA & Co.,Summer 2017,yc,212,blog.,True,,
marcumllp.com,services_other,us,Marcum LLP,inc.com_api_i5list,inc.com_api_i5list,211,blog/,True,,
hackerrank.com,devtools,us,HackerRank,Summer 2011,yc,210,blog/,True,,
boardroominsiders.com,services_other,us,Boardroom Insiders,inc.com_api_i5list,inc.com_api_i5list,210,blog/,True,,
phoenix.ca,ecommerce,us,Phoenix,Winter 2021,yc,209,blog/,True,,
ntiva.com,services_other,us,Ntiva,inc.com_api_i5list,inc.com_api_i5list,209,blog/,True,,
manatal.com,software_saas,,Manatal,g2.com_wayback,g2.com_wayback,203,blog/,True,,
assemblyai.com,devtools,us,AssemblyAI,Summer 2017,yc,202,blog/,True,,
armory.io,devtools,us,Armory,Winter 2017,yc,202,blog/,True,,
knowbe4.com,software_saas,us,KnowBe4,inc.com_api_i5list,inc.com_api_i5list,201,blog.,True,,
correctivechiropractic.com,health,us,Corrective Chiropractic,inc.com_api_i5list,inc.com_api_i5list,201,blog/,True,,
prolinkstaffing.com,health,us,ProLink Staffing,inc.com_api_i5list,inc.com_api_i5list,201,blog/,True,,
theforage.com,saas,us,Forage,Winter 2019,yc,201,blog/,True,,
siegfriedgroup.com,services_other,us,The Siegfried Group,inc.com_api_i5list,inc.com_api_i5list,201,blog.,True,,
yougotlistings.com,saas,us,You Got Listings,Winter 2011,yc,201,blog/,True,,
verifone.com,fintech_insurance,us,2Checkout (now Verifone),g2.com_wayback,g2.com_wayback,200,blog.,True,,
communityphone.org,ecommerce,us,Community Phone Company,Winter 2019,yc,200,blog/,True,,
apollographql.com,devtools,us,Apollo,Summer 2011,yc,199,blog/,True,,
groundfloor.com,fintech_insurance,us,Groundfloor,inc.com_api_i5list,inc.com_api_i5list,198,blog.,True,,
flow.space,ecommerce,us,Flowspace,Summer 2017,yc,198,blog/,True,,
learnplatform.com,edtech,us,LearnPlatform,inc.com_api_i5list,inc.com_api_i5list,198,blog/,True,,
papa.com,ecommerce,us,Papa,Summer 2018,yc,197,resources/,True,,
brandbucket.com,ecommerce_retail,us,BrandBucket,inc.com_api_i5list,inc.com_api_i5list,196,blog/,True,,
code42.com,software_saas,us,Code42 Software,inc.com_api_i5list,inc.com_api_i5list,195,blog/,True,,
youraspire.com,software_saas,us,Aspire,inc.com_api_i5list,inc.com_api_i5list,195,blog/,True,,
sendowl.com,software_saas,,SendOwl,g2.com_wayback,g2.com_wayback,194,blog/,True,,
drsquatch.com,ecommerce_retail,us,Dr. Squatch,inc.com_api_i5list,inc.com_api_i5list,194,blog/,True,,
kipsu.com,software_saas,us,Kipsu Inc,inc.com_api_i5list,inc.com_api_i5list,194,blog/,True,,
jobvite.com,software_saas,,Jobvite,g2.com_wayback,g2.com_wayback,192,blog/,True,,
cascade.app,software_saas,us,Cascade Strategy,inc.com_api_i5list,inc.com_api_i5list,192,blog/,True,,
actioncleanup.com,ecommerce_retail,us,Action Unlimited Resources,inc.com_api_i5list,inc.com_api_i5list,192,blog/,True,,
mentorcollective.org,edtech,us,Mentor Collective,inc.com_api_i5list,inc.com_api_i5list,192,blog.,True,,
figma.com,software_saas,us,Figma,g2.com_wayback,g2.com_wayback,191,blog/,True,,
cariloha.com,ecommerce_retail,us,Cariloha,inc.com_api_i5list,inc.com_api_i5list,190,blog/,True,,
legionfarm.com,ecommerce,us,Legionfarm,Winter 2020,yc,189,blog/,True,,
threadwallets.com,ecommerce_retail,us,Thread Wallets,inc.com_api_i5list,inc.com_api_i5list,189,blog/,True,,
strongdm.com,software_saas,,strongDM,g2.com_wayback,g2.com_wayback,189,blog/,True,,
bellabeat.com,health,us,Bellabeat,yc_directory,yc_directory,188,blog/,True,,
territoryfoods.com,ecommerce_retail,us,Territory Foods,inc.com_api_i5list,inc.com_api_i5list,188,blog/,True,,
koyapartners.com,services_other,us,Koya Leadership Partners,inc.com_api_i5list,inc.com_api_i5list,187,blog/,True,,
autorabit.com,devtools,us,AutoRABIT,g2.com_wayback,g2.com_wayback,187,blog/,True,,
kurios.la,other,us,Kurios,Summer 2021,yc,187,blog/,True,,
canidium.com,services_other,us,Canidium,inc.com_api_i5list,inc.com_api_i5list,185,blog.,True,,
joinsmartpath.com,fintech,us,SmartPath,Summer 2016,yc,184,blog/,True,,
enjoywishlist.com,software_saas,us,Wishlist Rewards,inc.com_api_i5list,inc.com_api_i5list,184,blog.,True,,
starburst.io,software_saas,us,Starburst,inc.com_api_i5list,inc.com_api_i5list,184,blog/,True,,
embrace.io,devtools,us,Embrace,Summer 2019,yc,184,blog.,True,,
winelivery.com,ecommerce_retail,eu,Winelivery,ft1000_wayback:20220301043147,ft1000_wayback:20220301043147,183,blog.,True,,
triaxtec.com,software_saas,us,Triax Technologies,inc.com_api_i5list,inc.com_api_i5list,183,blog/,True,,
mixpanel.com,saas,us,Mixpanel,Summer 2009,yc,181,blog.,True,,
intekfreight-logistics.com,services_other,us,InTek Freight & Logistics,inc.com_api_i5list,inc.com_api_i5list,181,blog.,True,,
octopart.com,ecommerce_retail,us,Octopart,yc_directory,yc_directory,180,blog/,True,,
truora.com,software_saas,us,Truora,yc_directory,yc_directory,180,blog/,True,,
drinksupercoffee.com,ecommerce_retail,us,Kitu Life Super Coffee,inc.com_api_i5list,inc.com_api_i5list,179,blog/,True,,
koresoftware.com,software_saas,us,KORE Interactive Systems (USA),inc.com_api_i5list,inc.com_api_i5list,179,blog.,True,,
nexhealth.com,health,us,NexHealth,g2.com_wayback,g2.com_wayback,179,blog.,True,,
workramp.com,software_saas,us,WorkRamp,inc.com_api_i5list,inc.com_api_i5list,179,blog/,True,,
welltok.com,health,us,Welltok,inc.com_api_i5list,inc.com_api_i5list,179,blog.,True,,
tenjin.com,saas,us,Tenjin,Summer 2014,yc,178,blog.,True,,
apurata.com,fintech,us,Apurata,Summer 2019,yc,176,blog/,True,,
craftcoffee.com,ecommerce_retail,us,Craft Coffee,yc_directory,yc_directory,176,blog.,True,,
diamondbanc.com,fintech_insurance,us,Diamond Banc,inc.com_api_i5list,inc.com_api_i5list,176,blog/,True,,
bigtime.net,software_saas,us,BigTime,g2.com_wayback,g2.com_wayback,174,blog/,True,,
paymerang.com,fintech_insurance,us,Paymerang,inc.com_api_i5list,inc.com_api_i5list,174,blog/,True,,
rtgmedical.com,health,us,RTG Medical,inc.com_api_i5list,inc.com_api_i5list,174,blog.,True,,
privy.com,software_saas,us,Privy,g2.com_wayback,g2.com_wayback,174,blog/,True,,
solarmente.es,ecommerce,eu,SolarMente,Summer 2021,yc,174,blog/,True,,
blacktiemoving.com,services_other,us,Black Tie Moving,inc.com_api_i5list,inc.com_api_i5list,173,blog/,True,,
bookkeeper360.com,services_other,us,Bookkeeper360,inc.com_api_i5list,inc.com_api_i5list,172,blog/,True,,
endado.com,ecommerce_retail,eu,Recambios Endado,ft1000_wayback:20210331132419,ft1000_wayback:20210331132419,172,blog/,True,,
giveffect.com,saas,us,Giveffect,Winter 2015,yc,172,blog/,True,,
divvycloud.com,software_saas,us,DivvyCloud,inc.com_api_i5list,inc.com_api_i5list,171,blog/,True,,
smarterfinanceusa.com,fintech_insurance,us,Smarter Equipment Finance,inc.com_api_i5list,inc.com_api_i5list,171,blog/,True,,
pawtree.com,ecommerce_retail,us,pawTree,inc.com_api_i5list,inc.com_api_i5list,171,blog/,True,,
gocheetah.com,ecommerce,us,Cheetah,Winter 2013,yc,170,blog/,True,,
suiteness.com,ecommerce,us,Suiteness,Summer 2016,yc,169,blog/,True,,
onesignal.com,devtools,us,OneSignal,Summer 2011,yc,168,blog/,True,,
firebase.com,devtools,us,Firebase,Summer 2011,yc,168,blog/,True,,
coderhouse.com,other,us,Coderhouse,Winter 2021,yc,168,blog/,True,,
ndreams.com,software_saas,uk,nDreams,ft1000_wayback:20210331132419,ft1000_wayback:20210331132419,167,blog/,True,,
patternlife.com,fintech_insurance,us,Pattern,inc.com_api_i5list,inc.com_api_i5list,167,blog/,True,,
ninetwothree.co,services_other,us,NineTwoThree Ai Studio,inc.com_api_i5list,inc.com_api_i5list,166,blog/,True,,
replit.com,devtools,us,Replit,Winter 2018,yc,165,blog.,True,,
thirdera.com,services_other,us,Thirdera,inc.com_api_i5list,inc.com_api_i5list,165,blog/,True,,
winmo.com,software_saas,us,List Partners,inc.com_api_i5list,inc.com_api_i5list,165,blog.,True,,
moltin.com,fintech,us,Moltin,Winter 2015,yc,164,blog/,True,,
ejisinc.com,ecommerce_retail,us,Ejis,inc.com_api_i5list,inc.com_api_i5list,164,blog/,True,,
lasso.io,software_saas,us,Lasso,inc.com_api_i5list,inc.com_api_i5list,163,blog/,True,,
idera.com,devtools,us,FusionCharts,g2.com_wayback,g2.com_wayback,163,blog.,True,,
binti.com,software_saas,us,Binti,inc.com_api_i5list,inc.com_api_i5list,163,blog/,True,,
posthog.com,devtools,us,PostHog,Winter 2020,yc,162,blog/,True,,
agilethought.com,services_other,us,AgileThought,inc.com_api_i5list,inc.com_api_i5list,161,blog/,True,,
realm.io,devtools,eu,Realm,Summer 2011,yc,160,blog/,True,,
plivo.com,software_saas,us,Plivo,yc_directory,yc_directory,160,blog/,True,,
sqreen.com,saas,us,Sqreen,Winter 2018,yc,160,blog.,True,,
barebonesbroth.com,ecommerce_retail,us,Bare Bones,inc.com_api_i5list,inc.com_api_i5list,159,blog/,True,,
sfox.com,fintech,us,SFOX,Summer 2014,yc,159,blog/,True,,
splendies.com,ecommerce_retail,us,Splendies,inc.com_api_i5list,inc.com_api_i5list,159,blog/,True,,
decisionlink.com,software_saas,us,DecisionLink Corporation,inc.com_api_i5list,inc.com_api_i5list,159,blog/,True,,
circleci.com,devtools,us,CircleCI,g2.com_wayback,g2.com_wayback,158,blog/,True,,
appwinit.com,services_other,us,WinIt,inc.com_api_i5list,inc.com_api_i5list,158,blog.,True,,
computersolutionseast.com,services_other,us,Computer Solutions East,inc.com_api_i5list,inc.com_api_i5list,156,blog/,True,,
leandna.com,software_saas,us,LeanDNA,inc.com_api_i5list,inc.com_api_i5list,156,blog/,True,,
nativepestmanagement.com,services_other,us,Native Pest Management,inc.com_api_i5list,inc.com_api_i5list,156,blog/,True,,
pdq.com,software_saas,us,PDQ.com Corporation,inc.com_api_i5list,inc.com_api_i5list,155,blog/,True,,
budgetdumpster.com,services_other,us,Budget Dumpster,inc.com_api_i5list,inc.com_api_i5list,155,blog/,True,,
sidebysidestuff.com,ecommerce_retail,us,Side By Side Stuff,inc.com_api_i5list,inc.com_api_i5list,154,blog.,True,,
sorted.com,software_saas,uk,Sorted Group,ft1000_wayback:20210331132419,ft1000_wayback:20210331132419,154,blog/,True,,
letstalkinteractive.com,health,,Let's Talk Telehealth Video Conferencing Office Suite,g2.com_wayback,g2.com_wayback,153,blog/,True,,
vidyard.com,saas,us,Vidyard,Summer 2011,yc,153,blog/,True,,
northgatevehiclehire.co.uk,services_other,uk,GAP Vehicle Hire,ft1000_wayback:20230425220624,ft1000_wayback:20230425220624,150,blog/,True,,
just-eat.co.uk,ecommerce_retail,uk,Just Eat,ft1000_wayback:20230425220624,ft1000_wayback:20230425220624,149,blog.,True,,
spotangels.com,ecommerce_retail,us,SpotAngels,yc_directory,yc_directory,149,blog/,True,,
bamboohr.com,software_saas,us,BambooHR,g2.com_wayback,g2.com_wayback,149,blog/,True,,
exteriormedics.com,services_other,us,Exterior Medics,inc.com_api_i5list,inc.com_api_i5list,149,blog/,True,,
latchel.com,software_saas,us,Latchel,yc_directory,yc_directory,148,blog/,True,,
freightpop.com,software_saas,us,FreightPOP,inc.com_api_i5list,inc.com_api_i5list,148,blog.,True,,
colemanfurniture.com,ecommerce_retail,us,Renegade Furniture Group,inc.com_api_i5list,inc.com_api_i5list,148,blog/,True,,
liquidweb.com,services_other,us,Liquid Web,inc.com_api_i5list,inc.com_api_i5list,148,blog/,True,,
britishswimschool.com,services_other,us,British Swim School,inc.com_api_i5list,inc.com_api_i5list,148,blog/,True,,
geturns.com,ecommerce_retail,us,GetUrns,inc.com_api_i5list,inc.com_api_i5list,147,blog/,True,,
formulafolios.com,fintech_insurance,us,FormulaFolio Investments,inc.com_api_i5list,inc.com_api_i5list,146,blog/,True,,
angel.co,fintech,us,SlidePay,Winter 2012,yc,146,blog/,True,,
nomadnessrentals.com,services_other,us,Nomadness Corporation,inc.com_api_i5list,inc.com_api_i5list,145,blog.,True,,
blueorangegames.com,ecommerce_retail,eu,Blue Orange,ft1000_wayback:20230425220624,ft1000_wayback:20230425220624,145,blog/,True,,
una.com,services_other,us,UNA,inc.com_api_i5list,inc.com_api_i5list,144,blog.,True,,
boostedboards.com,ecommerce,us,Boosted,Summer 2012,yc,143,blog.,True,,
500friends.com,ecommerce,us,500Friends,Winter 2010,yc,143,blog/,True,,
authy.com,saas,us,Authy,Winter 2012,yc,143,blog/,True,,
shedavi.com,health,us,Shedavi,inc.com_api_i5list,inc.com_api_i5list,142,blog/,True,,
coadvantage.com,services_other,us,CoAdvantage,inc.com_api_i5list,inc.com_api_i5list,142,blog/,True,,
mydbsync.com,software_saas,us,DBSync,inc.com_api_i5list,inc.com_api_i5list,141,blog/,True,,
mybinc.com,services_other,us,Mind Your Business,inc.com_api_i5list,inc.com_api_i5list,141,blog/,True,,
eatwellnashville.com,ecommerce_retail,us,Eat Well Nashville,inc.com_api_i5list,inc.com_api_i5list,140,blog/,True,,
greenfly.com,software_saas,us,Greenfly,inc.com_api_i5list,inc.com_api_i5list,140,blog/,True,,
upside.com,fintech_insurance,us,Upside Services,inc.com_api_i5list,inc.com_api_i5list,140,blog/,True,,
kitrum.com,services_other,us,Kitrum,inc.com_api_i5list,inc.com_api_i5list,139,blog/,True,,
conquestmaps.com,ecommerce_retail,us,Conquest Maps,inc.com_api_i5list,inc.com_api_i5list,138,blog/,True,,
embed.ly,saas,us,Embedly,Winter 2010,yc,138,blog.,True,,
humi.ca,software_saas,us,Humi,yc_directory,yc_directory,138,blog/,True,,
popularpays.com,software_saas,us,Popular Pays,yc_directory,yc_directory,138,blog/,True,,
sensehq.com,software_saas,us,Sense,inc.com_api_i5list,inc.com_api_i5list,138,blog.,True,,
silvercloudinc.com,software_saas,us,SilverCloud,inc.com_api_i5list,inc.com_api_i5list,138,blog/,True,,
vestwell.com,fintech_insurance,us,Vestwell,inc.com_api_i5list,inc.com_api_i5list,137,blog/,True,,
singlestore.com,devtools,us,SingleStore,Winter 2011,yc,137,blog/,True,,
beek.io,services_other,us,Beek,yc_directory,yc_directory,137,blog.,True,,
lcptracker.com,software_saas,us,LCPtracker,inc.com_api_i5list,inc.com_api_i5list,136,blog/,True,,
instrumentl.com,saas,us,Instrumentl,Summer 2016,yc,136,blog/,True,,
custora.com,ecommerce,us,Custora,Winter 2011,yc,136,blog/,True,,
soundboks.com,ecommerce,eu,SOUNDBOKS,Winter 2016,yc,136,blog/,True,,
inventorysource.com,software_saas,us,Inventory Source,inc.com_api_i5list,inc.com_api_i5list,136,blog/,True,,
readme.com,devtools,us,ReadMe,Winter 2015,yc,135,blog.,True,,
itprosusa.com,services_other,us,Information Technology Professionals,inc.com_api_i5list,inc.com_api_i5list,135,blog.,True,,
tekstream.com,services_other,us,TekStream,inc.com_api_i5list,inc.com_api_i5list,135,blog/,True,,
intakeq.com,health,other,IntakeQ,g2.com_wayback,g2.com_wayback,135,blog.,True,,
casetext.com,software_saas,us,Casetext,yc_directory,yc_directory,133,blog/,True,,
guildeducation.com,edtech,us,Guild Education,inc.com_api_i5list,inc.com_api_i5list,133,blog.,True,,
talend.com,software_saas,us,Talend Cloud Data Integration,g2.com_wayback,g2.com_wayback,133,blog/,True,,
juliannarae.com,ecommerce_retail,us,Julianna Rae,inc.com_api_i5list,inc.com_api_i5list,132,blog/,True,,
stripe.com,fintech_insurance,us,Stripe Billing,g2.com_wayback,g2.com_wayback,131,blog/,True,,
perlara.com,other,us,Perlara,Winter 2016,yc,131,blog/,True,,
flyhomes.com,services_other,us,Flyhomes,inc.com_api_i5list,inc.com_api_i5list,131,blog/,True,,
signoz.io,devtools,us,SigNoz,yc_directory,yc_directory,131,blog/,True,,
launchdarkly.com,devtools,us,LaunchDarkly,g2.com_wayback,g2.com_wayback,130,blog/,True,,
onesourcevirtual.com,services_other,us,OneSource Virtual,inc.com_api_i5list,inc.com_api_i5list,129,blog/,True,,
mckeehomesnc.com,services_other,us,McKee Homes,inc.com_api_i5list,inc.com_api_i5list,128,blog/,True,,
appliedframeworks.com,software_saas,us,Applied Frameworks,inc.com_api_i5list,inc.com_api_i5list,127,blog/,True,,
goteleport.com,devtools,us,Teleport,Summer 2015,yc,127,resources/,True,,
mie-solutions.com,software_saas,us,MIE Solutions,inc.com_api_i5list,inc.com_api_i5list,126,blog.,True,,
postscript.io,software_saas,us,Postscript,yc_directory,yc_directory,123,blog/,True,,
piano.io,software_saas,us,Piano,inc.com_api_i5list,inc.com_api_i5list,123,blog/,True,,
demandjump.com,software_saas,us,DemandJump,inc.com_api_i5list,inc.com_api_i5list,123,blog/,True,,
boldrimpact.com,services_other,us,Boldr,inc.com_api_i5list,inc.com_api_i5list,122,blog/,True,,
elevated-tech.com,services_other,us,Elevated Technologies,inc.com_api_i5list,inc.com_api_i5list,121,blog/,True,,
gobble.com,ecommerce_retail,us,Gobble,yc_directory,yc_directory,121,blog/,True,,
realjoy.com,services_other,us,RealJoy Vacations,inc.com_api_i5list,inc.com_api_i5list,121,blog/,True,,
rethinkdb.com,devtools,us,RethinkDB,Summer 2009,yc,121,blog/,True,,
vendoo.co,ecommerce,us,Vendoo,Winter 2022,yc,119,blog.,True,,
belvo.com,fintech_insurance,us,Belvo,yc_directory,yc_directory,119,blog/,True,,
sprinklr.com,software_saas,us,Sprinklr Modern Care,g2.com_wayback,g2.com_wayback,118,blog/,True,,
magicbell.com,devtools,eu,MagicBell,Winter 2021,yc,118,blog/,True,,
arcticfoxhaircolor.com,ecommerce_retail,us,Boinca,inc.com_api_i5list,inc.com_api_i5list,118,blog/,True,,
avantstay.com,services_other,us,AvantStay,inc.com_api_i5list,inc.com_api_i5list,117,blog/,True,,
swellcx.com,software_saas,us,Swell,g2.com_wayback,g2.com_wayback,117,resources/,True,,
inspiranzadesigns.com,ecommerce_retail,us,Inspiranza Designs,inc.com_api_i5list,inc.com_api_i5list,117,blog/,True,,
himaxwell.com,fintech_insurance,us,Maxwell,inc.com_api_i5list,inc.com_api_i5list,117,blog/,True,,
tylerscoffees.com,ecommerce_retail,us,Tylers Coffees,inc.com_api_i5list,inc.com_api_i5list,117,blog/,True,,
fly.io,devtools,us,Fly.io,Winter 2020,yc,117,blog/,True,,
loopt.com,ecommerce,us,Loopt,Summer 2005,yc,116,blog/,True,,
emarkanalytics.com,services_other,eu,Emark,ft1000_wayback:20230425220624,ft1000_wayback:20230425220624,116,blog.,True,,
bluecrewjobs.com,services_other,us,Bluecrew,yc_directory,yc_directory,115,blog/,True,,
vayable.com,ecommerce_retail,us,Vayable,yc_directory,yc_directory,115,blog.,True,,
unlayer.com,devtools,us,Unlayer,yc_directory,yc_directory,114,blog/,True,,
forcura.com,health,us,Forcura,inc.com_api_i5list,inc.com_api_i5list,113,blog/,True,,
tranquifinanzas.com,fintech,us,Tranqui Finanzas,Summer 2019,yc,113,blog/,True,,
unosquare.com,services_other,us,Unosquare,inc.com_api_i5list,inc.com_api_i5list,113,blog.,True,,
42floors.com,other,us,42Floors,Winter 2012,yc,113,blog/,True,,
fourthandheart.com,ecommerce_retail,us,4th & Heart,inc.com_api_i5list,inc.com_api_i5list,113,blog/,True,,
axure.com,software_saas,us,Axure RP,g2.com_wayback,g2.com_wayback,113,blog/,True,,
buymeacoffee.com,fintech_insurance,eu,Buy Me a Coffee,yc_directory,yc_directory,113,blog/,True,,
textiq.com,software_saas,us,Text IQ,inc.com_api_i5list,inc.com_api_i5list,112,blog/,True,,
circa.co,saas,us,Circa,Summer 2016,yc,112,blog/,True,,
intimetec.com,services_other,us,In Time Tec,inc.com_api_i5list,inc.com_api_i5list,111,blog.,True,,
lendup.com,fintech,us,LendUp,Winter 2012,yc,110,blog/,True,,
gigster.com,saas,us,Gigster,Summer 2015,yc,108,blog/,True,,
pfleet.com,fintech_insurance,us,Plavan Commercial Fueling,inc.com_api_i5list,inc.com_api_i5list,107,blog/,True,,
happybulle.com,ecommerce_retail,eu,HAPPYBULLE,ft1000_wayback:20220301043147,ft1000_wayback:20220301043147,106,blog/,True,,
almworks.com,software_saas,us,ALM Works,inc.com_api_i5list,inc.com_api_i5list,106,blog/,True,,
betterhalf.ai,ecommerce,us,Betterhalf,Winter 2021,yc,105,blog.,True,,
observe.ai,software_saas,us,Observe.AI,yc_directory,yc_directory,105,blog/,True,,
cymmetria.com,software_saas,us,Cymmetria,yc_directory,yc_directory,105,blog.,True,,
katequinn.com,ecommerce_retail,us,Kate Quinn,inc.com_api_i5list,inc.com_api_i5list,105,blog/,True,,
webitservices.com,services_other,us,WebIT Services,inc.com_api_i5list,inc.com_api_i5list,105,blog/,True,,
zesttorganics.com,ecommerce_retail,us,zestt organics,inc.com_api_i5list,inc.com_api_i5list,104,blog/,True,,
climbcredit.com,fintech_insurance,us,Climb Credit,inc.com_api_i5list,inc.com_api_i5list,104,blog.,True,,
coviu.com,health,us,Coviu,g2.com_wayback,g2.com_wayback,104,blog/,True,,
doublerobotics.com,saas,us,Double Robotics,Summer 2012,yc,104,blog.,True,,
codecademy.com,edtech,us,Codecademy,yc_directory,yc_directory,103,blog/,True,,
acunote.com,saas,us,Acunote,Winter 2011,yc,102,blog/,True,,
advancedbusinesssolutions.com,services_other,us,Advanced Business Solutions,inc.com_api_i5list,inc.com_api_i5list,101,blog/,True,,
opiniion.com,software_saas,us,Opiniion,inc.com_api_i5list,inc.com_api_i5list,101,blog/,True,,
somerfordassociates.com,services_other,uk,Somerford Associates,ft1000_wayback:20220301043147,ft1000_wayback:20220301043147,101,blog/,True,,
securestrux.com,services_other,us,SecureStrux,inc.com_api_i5list,inc.com_api_i5list,101,blog.,True,,
queenly.com,ecommerce,us,Queenly,Winter 2021,yc,101,blog/,True,,
fanhero.com,ecommerce,us,FanHero,Summer 2013,yc,99,blog.,True,,
credibook.com,ecommerce,us,CrediBook,Winter 2022,yc,99,blog/,True,,
thehydrojug.com,ecommerce_retail,us,HydroJug,inc.com_api_i5list,inc.com_api_i5list,99,blog/,True,,
langstonconstr.com,services_other,us,Langston Construction Co. of Piedmont,inc.com_api_i5list,inc.com_api_i5list,99,blog/,True,,
birddoghr.com,software_saas,us,BirdDogHR,inc.com_api_i5list,inc.com_api_i5list,98,blog/,True,,
twomaidsfranchise.com,services_other,us,Two Maids & A Mop,inc.com_api_i5list,inc.com_api_i5list,98,blog.,True,,
canix.com,saas,us,Canix,Summer 2019,yc,98,blog/,True,,
hatchways.io,software_saas,us,Hatchways,yc_directory,yc_directory,97,blog/,True,,
docker.com,devtools,us,Docker,Summer 2010,yc,97,blog/,True,,
pingidentity.com,software_saas,us,Ping Identity,g2.com_wayback,g2.com_wayback,97,blog/,True,,
insightpestnorthwest.com,services_other,us,Insight Pest Solutions Portland,inc.com_api_i5list,inc.com_api_i5list,97,blog/,True,,
goldengatebpo.com,services_other,us,Golden Gate BPO Solutions,inc.com_api_i5list,inc.com_api_i5list,96,blog/,True,,
dailybot.com,devtools,us,Dailybot,Summer 2021,yc,96,blog/,True,,
is-grp.com,services_other,us,ISG,inc.com_api_i5list,inc.com_api_i5list,95,blog.,True,,
lockitron.com,ecommerce,us,Lockitron,Summer 2009,yc,95,blog.,True,,
vobi.com.br,software_saas,us,Vobi,yc_directory,yc_directory,95,blog/,True,,
zeroheight.com,devtools,eu,zeroheight,Summer 2019,yc,94,blog/,True,,
usa-mortgage.com,fintech_insurance,us,DAS Acquisition Company,inc.com_api_i5list,inc.com_api_i5list,94,blog/,True,,
avocor.com,ecommerce_retail,us,Avocor,inc.com_api_i5list,inc.com_api_i5list,93,blog/,True,,
venntechnology.com,services_other,us,Venn Technology,inc.com_api_i5list,inc.com_api_i5list,93,blog/,True,,
powerx.co,other,us,PowerX,Winter 2020,yc,93,blog/,True,,
scuba.io,software_saas,us,Scuba,yc_directory,yc_directory,92,blog/,True,,
redlinesteel.com,ecommerce_retail,us,Redline Steel,inc.com_api_i5list,inc.com_api_i5list,92,blog/,True,,
buxfer.com,fintech,us,Buxfer,Winter 2007,yc,92,blog/,True,,
awkwardstyles.com,ecommerce_retail,us,AWKWARD STYLES,inc.com_api_i5list,inc.com_api_i5list,92,blog/,True,,
aptdeco.com,ecommerce,us,AptDeco,Winter 2014,yc,90,blog/,True,,
littlepoppyco.com,ecommerce_retail,us,Little Poppy Co,inc.com_api_i5list,inc.com_api_i5list,90,blog/,True,,
secondmeasure.com,fintech,us,Second Measure,Summer 2015,yc,90,blog.,True,,
humaans.io,saas,eu,Humaans,Winter 2021,yc,90,blog/,True,,
jiminys.com,ecommerce_retail,us,Jiminy's,inc.com_api_i5list,inc.com_api_i5list,89,blog/,True,,
rnrtires.com,ecommerce_retail,us,RNR Tire Express,inc.com_api_i5list,inc.com_api_i5list,89,blog/,True,,
twotap.com,ecommerce,us,Two Tap,Winter 2014,yc,89,blog.,True,,
pushbullet.com,software_saas,us,Pushbullet,yc_directory,yc_directory,88,blog.,True,,
crosslaketech.com,services_other,us,Crosslake Technologies,inc.com_api_i5list,inc.com_api_i5list,88,blog.,True,,
habitlabs.com,ecommerce_retail,us,Habit Labs,yc_directory,yc_directory,88,blog.,True,,
junipersquare.com,fintech_insurance,us,Juniper Square,inc.com_api_i5list,inc.com_api_i5list,87,blog/,True,,
duffel.com,devtools,eu,Duffel,yc_directory,yc_directory,87,blog/,True,,
inovapayroll.com,software_saas,us,Inova Payroll,inc.com_api_i5list,inc.com_api_i5list,87,blog.,True,,
terralogic.com,services_other,us,Terralogic Technologies,inc.com_api_i5list,inc.com_api_i5list,87,blog/,True,,
liquipel.com,ecommerce_retail,us,Liquipel,inc.com_api_i5list,inc.com_api_i5list,86,blog.,True,,
devcycle.com,saas,us,DevCycle,Winter 2014,yc,86,blog/,True,,
crohnology.com,ecommerce,us,Crohnology (by Healthy Labs),Summer 2012,yc,86,blog.,True,,
leadspace.com,software_saas,us,Leadspace,inc.com_api_i5list,inc.com_api_i5list,86,blog/,True,,
coutoconstruction.com,services_other,us,Couto Construction,inc.com_api_i5list,inc.com_api_i5list,86,blog/,True,,
avocademy.com,edtech,us,Avocademy,yc_directory,yc_directory,85,blog/,True,,
listingspark.com,services_other,us,ListingSpark,inc.com_api_i5list,inc.com_api_i5list,85,blog/,True,,
breadcrumbs.io,saas,us,Breadcrumbs.io,Summer 2021,yc,84,blog/,True,,
intelliboard.net,edtech,us,IntelliBoard,inc.com_api_i5list,inc.com_api_i5list,84,blog.,True,,
gimbooks.com,fintech_insurance,us,GimBooks,yc_directory,yc_directory,83,blog/,True,,
weberfps.com,health,us,Weber Facial Plastic Surgery,inc.com_api_i5list,inc.com_api_i5list,82,blog/,True,,
alinea-invest.com,fintech,us,Alinea,Winter 2021,yc,82,blog/,True,,
joinfightcamp.com,ecommerce,us,FightCamp,Winter 2016,yc,81,blog/,True,,
skgtexas.com,services_other,us,Shelton-Keller Group,inc.com_api_i5list,inc.com_api_i5list,81,blog/,True,,
alluremedical.com,health,us,Allure Medical,inc.com_api_i5list,inc.com_api_i5list,80,blog/,True,,
statuspage.io,software_saas,us,StatusPage,yc_directory,yc_directory,79,blog.,True,,
zuddl.com,software_saas,us,Zuddl,yc_directory,yc_directory,79,blog/,True,,
buypeakperformance.com,health,us,Peak Performance Life,inc.com_api_i5list,inc.com_api_i5list,79,blog/,True,,
datree.io,devtools,us,Datree,Winter 2020,yc,78,resources/,True,,
trustradius.com,services_other,us,TrustRadius,inc.com_api_i5list,inc.com_api_i5list,78,blog.,True,,
skingymco.com,ecommerce_retail,us,Skin Gym,inc.com_api_i5list,inc.com_api_i5list,78,blog/,True,,
rallyup.com,software_saas,us,RallyUp,inc.com_api_i5list,inc.com_api_i5list,78,blog/,True,,
telliant.com,services_other,us,Telliant Systems,inc.com_api_i5list,inc.com_api_i5list,77,blog.,True,,
sustainablesupply.com,ecommerce_retail,us,Sustainable Supply,inc.com_api_i5list,inc.com_api_i5list,77,blog.,True,,
markaz.app,ecommerce_retail,us,Markaz Technologies,yc_directory,yc_directory,77,blog/,True,,
payflow.es,fintech_insurance,eu,Payflow,yc_directory,yc_directory,76,blog/,True,,
ignitefunding.com,fintech_insurance,us,Ignite Funding,inc.com_api_i5list,inc.com_api_i5list,76,blog.,True,,
totalexpert.com,fintech_insurance,us,Total Expert,inc.com_api_i5list,inc.com_api_i5list,76,blog/,True,,
scoutzie.com,services_other,us,Scoutzie,yc_directory,yc_directory,76,blog.,True,,
vectorsinc.com,ecommerce_retail,us,Vectors,inc.com_api_i5list,inc.com_api_i5list,76,blog/,True,,
westpacwealth.com,fintech_insurance,us,WestPac Wealth Partners,inc.com_api_i5list,inc.com_api_i5list,76,blog/,True,,
lofty.ai,fintech,us,Lofty,Summer 2019,yc,75,blog/,True,,
zeorouteplanner.com,saas,us,Zeo Route Planner,Winter 2020,yc,75,blog/,True,,
discuss.io,software_saas,us,Discuss.io,inc.com_api_i5list,inc.com_api_i5list,75,blog/,True,,
envistaforensics.com,services_other,us,Envista Forensics,inc.com_api_i5list,inc.com_api_i5list,74,blog/,True,,
vuram.com,services_other,us,Vuram,inc.com_api_i5list,inc.com_api_i5list,74,blog/,True,,
trycelery.com,ecommerce,us,Celery,Summer 2012,yc,73,blog.,True,,
theohmstore.co,ecommerce_retail,us,The Ohm Store,inc.com_api_i5list,inc.com_api_i5list,73,blog/,True,,
iconicit.com,services_other,us,Iconic IT,inc.com_api_i5list,inc.com_api_i5list,72,blog/,True,,
gridgain.com,devtools,us,GridGain Systems,inc.com_api_i5list,inc.com_api_i5list,72,blog/,True,,
clustrix.com,devtools,us,Clustrix,Winter 2006,yc,72,blog/,True,,
cognitohq.com,fintech,us,Cognito,Summer 2014,yc,72,blog/,True,,
eventjoy.com,software_saas,us,Eventjoy,yc_directory,yc_directory,71,blog.,True,,
itauthorities.com,services_other,us,IT Authorities,inc.com_api_i5list,inc.com_api_i5list,71,blog/,True,,
alphaflow.com,fintech,us,AlphaFlow,Winter 2016,yc,71,resources/,True,,
inito.com,health,us,Inito,yc_directory,yc_directory,70,blog.,True,,
evonence.com,services_other,us,Evonence,inc.com_api_i5list,inc.com_api_i5list,70,blog/,True,,
radiusnetworks.com,software_saas,us,Radius Networks,inc.com_api_i5list,inc.com_api_i5list,70,blog/,True,,
padmapper.com,ecommerce,us,PadMapper,Summer 2010,yc,69,blog/,True,,
truelinkfinancial.com,fintech_insurance,us,True Link Financial,inc.com_api_i5list,inc.com_api_i5list,68,blog/,True,,
superb-ai.com,software_saas,us,Superb AI,yc_directory,yc_directory,68,blog/,True,,
dizzion.com,software_saas,us,Dizzion,inc.com_api_i5list,inc.com_api_i5list,68,resources/,True,,
close.com,saas,us,Close,Winter 2011,yc,67,resources/,True,,
predictivehr.com,services_other,us,PREDICTIVEHR,inc.com_api_i5list,inc.com_api_i5list,67,blog/,True,,
kopa.co,ecommerce,us,Kopa,Winter 2019,yc,67,blog/,True,,
guardianlit.com,services_other,us,"Guardian Litigation Group, LLP",inc.com_api_i5list,inc.com_api_i5list,66,blog/,True,,
dynatrace.com,software_saas,us,Dynatrace,g2.com_wayback,g2.com_wayback,66,blog/,True,,
ivycityco.com,ecommerce_retail,us,Ivy City Co.,inc.com_api_i5list,inc.com_api_i5list,66,blog/,True,,
tydo.com,fintech,us,Tydo,Summer 2020,yc,66,blog/,True,,
teamgather.co,software_saas,us,Gather,yc_directory,yc_directory,66,blog/,True,,
inspectify.com,ecommerce,us,Inspectify,Summer 2020,yc,65,blog.,True,,
doxy.me,health,us,Doxy.me,g2.com_wayback,g2.com_wayback,65,blog/,True,,
senior1care.com,health,us,Senior1Care,inc.com_api_i5list,inc.com_api_i5list,65,blog/,True,,
snapdocs.com,saas,us,Snapdocs,Winter 2014,yc,65,blog/,True,,
convox.com,devtools,us,Convox,Summer 2015,yc,65,blog/,True,,
popl.co,saas,us,Popl,Winter 2021,yc,65,blog/,True,,
eduflow.com,other,eu,Eduflow,Summer 2017,yc,64,blog/,True,,
brainboard.co,devtools,eu,Brainboard,Winter 2022,yc,64,blog.,True,,
peoplesuite.com,services_other,us,PeopleSuite Talent Solutions,inc.com_api_i5list,inc.com_api_i5list,63,blog/,True,,
ltse.com,fintech,us,Long Term Stock Exchange,Summer 2017,yc,63,blog/,True,,
pics-itech.com,services_other,us,Professional Implementation Consulting Services In,inc.com_api_i5list,inc.com_api_i5list,63,blog.,True,,
lettucegrow.com,ecommerce_retail,us,Lettuce Grow,inc.com_api_i5list,inc.com_api_i5list,62,resources/,True,,
sandcloud.com,ecommerce_retail,us,Sand Cloud,inc.com_api_i5list,inc.com_api_i5list,62,blog/,True,,
embarksafety.com,software_saas,us,Embark Safety,inc.com_api_i5list,inc.com_api_i5list,61,blog/,True,,
lanyrd.com,ecommerce,eu,Lanyrd,Winter 2011,yc,61,blog/,True,,
nextcaller.com,saas,us,Next Caller,Winter 2014,yc,61,blog.,True,,
ravn.com,other,us,Ravn,Winter 2019,yc,61,blog.,True,,
lucy.co,ecommerce,us,"Lucy Goods, Inc",Winter 2018,yc,61,blog.,True,,
scispot.io,saas,us,Scispot,Summer 2021,yc,60,blog/,True,,
microblink.com,software_saas,eu,Microblink,ft1000_wayback:20210331132419,ft1000_wayback:20210331132419,60,blog/,True,,
greentoe.com,ecommerce,us,Greentoe,Summer 2014,yc,60,blog.,True,,
substack.com,software_saas,us,Substack,yc_directory,yc_directory,60,blog.,True,,
dexatel.com,software_saas,eu,Dexatel,ft1000_wayback:20220301043147,ft1000_wayback:20220301043147,60,blog/,True,,
padlet.com,software_saas,us,Padlet,yc_directory,yc_directory,60,blog.,True,,
treble.ai,saas,us,treble.ai,Summer 2019,yc,60,blog/,True,,
kytephone.com,ecommerce_retail,us,BarSense,yc_directory,yc_directory,59,blog.,True,,
kapitaldata.com,services_other,us,Kapital Data,inc.com_api_i5list,inc.com_api_i5list,59,blog/,True,,
guilded.gg,ecommerce,us,Guilded,Summer 2017,yc,59,blog/,True,,
natero.com,saas,us,Natero,Summer 2012,yc,59,blog.,True,,
insellerate.com,fintech_insurance,us,Insellerate,inc.com_api_i5list,inc.com_api_i5list,59,blog/,True,,
secoda.co,saas,us,Secoda,Summer 2021,yc,58,blog/,True,,
getreliancehealth.com,fintech,us,Reliance Health,Winter 2017,yc,58,blog/,True,,
upequity.com,fintech,us,UpEquity,Summer 2019,yc,58,blog.,True,,
languagenetworkusa.com,services_other,us,Language Network,inc.com_api_i5list,inc.com_api_i5list,58,blog/,True,,
grover.com,ecommerce_retail,eu,Grover Group,ft1000_wayback:20210331132419,ft1000_wayback:20210331132419,57,blog/,True,,
scynceled.com,ecommerce_retail,us,Scynce LED,inc.com_api_i5list,inc.com_api_i5list,57,blog/,True,,
advancedrpo.com,services_other,us,Advanced RPO,inc.com_api_i5list,inc.com_api_i5list,57,blog/,True,,
storylane.io,saas,us,Storylane,Summer 2021,yc,57,blog/,True,,
govpredict.com,software_saas,us,GovPredict,yc_directory,yc_directory,57,blog/,True,,
abilitie.com,edtech,us,Abilitie,inc.com_api_i5list,inc.com_api_i5list,56,blog/,True,,
frubana.com,fintech,us,Frubana Inc,Winter 2019,yc,56,blog.,True,,
naborly.com,fintech,us,Naborly,Winter 2018,yc,55,blog/,True,,
urbankisaan.com,ecommerce_retail,us,UrbanKisaan,yc_directory,yc_directory,54,blog/,True,,
castle.io,devtools,us,Castle,Winter 2016,yc,54,blog.,True,,
sevneurology.com,health,us,Southeast Veterinary Neurology,inc.com_api_i5list,inc.com_api_i5list,54,blog/,True,,
backtotheroots.com,ecommerce_retail,us,Back to the Roots,inc.com_api_i5list,inc.com_api_i5list,54,blog/,True,,
sift.com,fintech,us,Sift,Summer 2011,yc,54,blog/,True,,
sifted.co,services_other,us,Sifted,inc.com_api_i5list,inc.com_api_i5list,54,blog/,True,,
rainfocus.com,software_saas,us,RainFocus,inc.com_api_i5list,inc.com_api_i5list,53,blog/,True,,
nomadgoods.com,ecommerce_retail,us,Nomad Goods,inc.com_api_i5list,inc.com_api_i5list,53,blog/,True,,
brookstonerestoration.com,services_other,us,Brookstone Restoration,inc.com_api_i5list,inc.com_api_i5list,53,blog/,True,,
getmeadow.com,ecommerce,us,Meadow,Winter 2015,yc,53,blog/,True,,
us.memebox.com,ecommerce,us,MBX,Winter 2014,yc,53,blog/,True,,
sstid.com,services_other,us,Strategic Systems & Technology Corporation,inc.com_api_i5list,inc.com_api_i5list,52,blog/,True,,
finpay.com,health,us,FinPay,inc.com_api_i5list,inc.com_api_i5list,52,blog.,True,,
preflight.com,devtools,us,Preflight,yc_directory,yc_directory,52,blog/,True,,
modloft.com,ecommerce_retail,us,International Product Marketing,inc.com_api_i5list,inc.com_api_i5list,52,blog/,True,,
dearbrightly.com,ecommerce,us,Dear Brightly,Winter 2018,yc,51,blog/,True,,
nextravel.com,saas,us,NexTravel,Winter 2015,yc,51,blog.,True,,
adyn.com,ecommerce,us,adyn,Summer 2020,yc,51,blog/,True,,
convex.com,saas,us,Convex,Winter 2019,yc,50,blog/,True,,
doublewoodsupplements.com,health,us,Double Wood,inc.com_api_i5list,inc.com_api_i5list,50,blog/,True,,
finary.com,fintech_insurance,eu,Finary.com,yc_directory,yc_directory,50,blog/,True,,
anyvite.com,software_saas,us,Anyvite,yc_directory,yc_directory,50,blog/,True,,
regology.com,saas,us,Regology,Summer 2018,yc,50,blog/,True,,
senic.com,ecommerce,eu,Senic,Summer 2013,yc,50,blog.,True,,
streem.com,ecommerce,us,Streem,Summer 2012,yc,49,blog.,True,,
credpal.com,fintech_insurance,us,CredPal,yc_directory,yc_directory,49,blog.,True,,
sightplan.com,software_saas,us,SightPlan,inc.com_api_i5list,inc.com_api_i5list,49,blog/,True,,
worklytics.co,saas,us,Worklytics,Winter 2018,yc,49,blog/,True,,
archbee.com,devtools,eu,Archbee,Summer 2021,yc,49,blog/,True,,
foster.co,ecommerce_retail,us,Foster,yc_directory,yc_directory,49,blog/,True,,
beacons.ai,ecommerce,us,Beacons,Summer 2019,yc,48,blog.,True,,
enterneverland.com,ecommerce,us,Neverland,Winter 2021,yc,48,blog/,True,,
teambonding.com,services_other,us,TeamBonding,inc.com_api_i5list,inc.com_api_i5list,48,blog/,True,,
hireart.com,services_other,us,HireArt,inc.com_api_i5list,inc.com_api_i5list,48,blog.,True,,
investbamboo.com,fintech_insurance,us,Bamboo,yc_directory,yc_directory,47,blog.,True,,
loanpro.io,fintech_insurance,us,LoanPro Software,inc.com_api_i5list,inc.com_api_i5list,46,blog/,True,,
modpizza.com,ecommerce_retail,us,MOD Pizza,inc.com_api_i5list,inc.com_api_i5list,46,blog/,True,,
catch.co,fintech,us,Catch,Winter 2019,yc,46,blog/,True,,
aaprintsupplyco.com,ecommerce_retail,us,All American Print Supply,inc.com_api_i5list,inc.com_api_i5list,46,blog/,True,,
newenergyequity.com,services_other,us,New Energy Equity,inc.com_api_i5list,inc.com_api_i5list,46,blog.,True,,
labur.com,services_other,us,LABUR,inc.com_api_i5list,inc.com_api_i5list,46,blog/,True,,
letterdrop.com,saas,us,Letterdrop,Winter 2020,yc,45,blog/,True,,
atlassian.com,devtools,other,Bamboo,g2.com_wayback,g2.com_wayback,45,blog/,True,,
nexussystems.com,software_saas,us,Nexus Systems,inc.com_api_i5list,inc.com_api_i5list,45,blog.,True,,
roomraccoon.com,software_saas,eu,RoomRaccoon,ft1000_wayback:20220301043147,ft1000_wayback:20220301043147,45,blog/,True,,
re2.ai,saas,us,Resquared,Winter 2021,yc,44,blog.,True,,
usefriz.com,devtools,us,Friz,yc_directory,yc_directory,44,blog.,True,,
maderight.com,saas,us,Maderight,Summer 2015,yc,44,blog/,True,,
niyamit.com,services_other,us,NiyamIT,inc.com_api_i5list,inc.com_api_i5list,44,blog/,True,,
windowworld-btr.com,services_other,us,Window World of Baton Rouge,inc.com_api_i5list,inc.com_api_i5list,43,blog/,True,,
wearegameplan.com,services_other,us,Game Plan,inc.com_api_i5list,inc.com_api_i5list,43,blog/,True,,
glimpsek12.com,saas,us,Glimpse K12,Winter 2018,yc,43,blog/,True,,
telm.ai,software_saas,us,Telmai,yc_directory,yc_directory,43,blog/,True,,
haydenoutdoors.com,services_other,us,Hayden Outdoors,inc.com_api_i5list,inc.com_api_i5list,43,blog/,True,,
ntechlab.com,software_saas,eu,NtechLab,ft1000_wayback:20220301043147,ft1000_wayback:20220301043147,42,blog/,True,,
clementinescreamery.com,ecommerce_retail,us,Clementine's Naughty & Nice Ice Cream,inc.com_api_i5list,inc.com_api_i5list,42,blog/,True,,
chatwoot.com,devtools,us,Chatwoot,Winter 2021,yc,42,blog/,True,,
bloomtech.com,edtech,us,Bloom Institute of Technology,yc_directory,yc_directory,42,blog/,True,,
meridianpacificproperties.com,services_other,us,Meridian Pacific Properties,inc.com_api_i5list,inc.com_api_i5list,42,blog/,True,,
zeal.com,fintech,us,Zeal,Summer 2019,yc,41,blog/,True,,
iamexec.com,ecommerce,us,Exec,Winter 2012,yc,41,blog/,True,,
breaker.audio,ecommerce,us,Breaker,Winter 2017,yc,41,blog/,True,,
wodify.com,software_saas,us,Wodify Technologies,inc.com_api_i5list,inc.com_api_i5list,41,blog/,True,,
whalesync.com,saas,us,Whalesync,Summer 2021,yc,41,blog/,True,,
haddock.app,fintech,eu,haddock,Winter 2022,yc,41,blog/,True,,
foxpass.com,saas,us,Foxpass,Summer 2015,yc,41,blog/,True,,
eatcaulipower.com,ecommerce_retail,us,Caulipower,inc.com_api_i5list,inc.com_api_i5list,40,blog/,True,,
rentobo.com,ecommerce,us,Rentobo,Summer 2011,yc,40,blog/,True,,
swdgroup.com,fintech_insurance,us,Strategic Wealth Designers,inc.com_api_i5list,inc.com_api_i5list,40,blog/,True,,
ccg.ai,other,eu,Cambridge Cancer Genomics,Summer 2017,yc,40,blog/,True,,
dataform.co,devtools,eu,Dataform,yc_directory,yc_directory,40,blog/,True,,
leaky.com,fintech,us,Leaky,Summer 2011,yc,40,blog/,True,,
accept.inc,fintech,us,Accept.inc (formerly BoardRE),Winter 2019,yc,40,blog/,True,,
actionbehavior.com,health,us,Action Behavior Centers,inc.com_api_i5list,inc.com_api_i5list,39,blog.,True,,
kamcord.com,ecommerce,us,Kamcord,Summer 2012,yc,39,blog.,True,,
honeylove.com,ecommerce,us,Honeylove,Summer 2018,yc,39,blog/,True,,
outdoorlights.com,services_other,us,Outdoor Lighting Perspectives,inc.com_api_i5list,inc.com_api_i5list,39,blog/,True,,
zbiotics.com,ecommerce,us,ZBiotics,Winter 2018,yc,39,blog/,True,,
anjahealth.com,ecommerce,us,Anja Health,Winter 2022,yc,39,blog/,True,,
heru.app,fintech_insurance,us,Heru,yc_directory,yc_directory,38,blog/,True,,
buildwithproactive.com,services_other,us,Proactive Controls Group,inc.com_api_i5list,inc.com_api_i5list,38,blog.,True,,
moonshotbrands.com,fintech,us,Moonshot Brands,Winter 2021,yc,38,blog/,True,,
mudafy.com,ecommerce_retail,us,Mudafy,yc_directory,yc_directory,38,blog.,True,,
oneschema.co,saas,us,OneSchema,Summer 2021,yc,38,blog/,True,,
wandynamics.com,services_other,us,WAN Dynamics,inc.com_api_i5list,inc.com_api_i5list,38,blog/,True,,
gogenuity.com,saas,us,Genuity,Summer 2021,yc,37,blog/,True,,
tropicalgardenslandscape.com,services_other,us,Tropical Gardens Lawn and Landscape,inc.com_api_i5list,inc.com_api_i5list,37,blog/,True,,
mailtime.com,software_saas,us,MailTime,yc_directory,yc_directory,37,blog.,True,,
pointofrental.com,software_saas,us,Point of Rental Software,inc.com_api_i5list,inc.com_api_i5list,37,blog.,True,,
picktrace.com,software_saas,us,PickTrace,yc_directory,yc_directory,37,blog/,True,,
doctible.com,health,us,Doctible,inc.com_api_i5list,inc.com_api_i5list,37,blog/,True,,
resnickroof.com,services_other,us,Resnick Roofing & Contracting,inc.com_api_i5list,inc.com_api_i5list,36,blog/,True,,
icracked.com,ecommerce,us,iCracked,Winter 2012,yc,36,blog/,True,,
validere.com,other,us,Validere,Summer 2016,yc,36,blog.,True,,
jenfi.com,fintech,us,Jenfi,Winter 2020,yc,36,blog/,True,,
creativealignments.com,services_other,us,Creative Alignments,inc.com_api_i5list,inc.com_api_i5list,36,blog.,True,,
infiuss.com,ecommerce,us,Infiuss Health,Summer 2021,yc,35,blog/,True,,
toymail.co,ecommerce,us,Toymail,Winter 2016,yc,34,blog/,True,,
careertu.com,other,us,CareerTu,Winter 2019,yc,34,blog/,True,,
unschool.in,other,us,Unschool,Winter 2021,yc,34,blog.,True,,
contalink.com,software_saas,us,Contalink,yc_directory,yc_directory,34,blog/,True,,
geniusprogetti.com,services_other,eu,Genius Progetti,ft1000_wayback:20210331132419,ft1000_wayback:20210331132419,34,blog/,True,,
warmly.ai,saas,us,"Warmly,",Summer 2020,yc,33,blog/,True,,
stownest.com,ecommerce,us,Stownest,Summer 2021,yc,33,blog/,True,,
peakflo.co,fintech_insurance,us,Peakflo,yc_directory,yc_directory,33,blog/,True,,
erpmaestro.com,software_saas,us,ERP Maestro,inc.com_api_i5list,inc.com_api_i5list,33,blog.,True,,
lumaforge.com,services_other,us,LumaForge,inc.com_api_i5list,inc.com_api_i5list,32,blog/,True,,
nickelandsuede.com,ecommerce_retail,us,Nickel & Suede,inc.com_api_i5list,inc.com_api_i5list,32,blog/,True,,
safelifedefense.com,ecommerce_retail,us,Safe Life Defense,inc.com_api_i5list,inc.com_api_i5list,32,blog/,True,,
spigglelaw.com,services_other,us,The Spiggle Law Firm,inc.com_api_i5list,inc.com_api_i5list,32,blog/,True,,
tobiasfinancial.com,fintech_insurance,us,Tobias Financial Advisors,inc.com_api_i5list,inc.com_api_i5list,32,blog/,True,,
defensestorm.com,software_saas,us,DefenseStorm,inc.com_api_i5list,inc.com_api_i5list,32,resources/,True,,
rooftek.com,services_other,us,RoofTek,inc.com_api_i5list,inc.com_api_i5list,31,blog/,True,,
itraq.com,software_saas,us,iTraq,inc.com_api_i5list,inc.com_api_i5list,31,blog/,True,,
shimmer.care,health,us,Shimmer,yc_directory,yc_directory,31,blog/,True,,
experoinc.com,services_other,us,Expero,inc.com_api_i5list,inc.com_api_i5list,31,blog/,True,,
metaplane.dev,devtools,us,Metaplane,Winter 2020,yc,31,blog/,True,,
preki.com,ecommerce,us,Preki,Winter 2021,yc,31,blog/,True,,
uswired.com,services_other,us,USWired,inc.com_api_i5list,inc.com_api_i5list,31,blog/,True,,
huma.com,health,uk,Huma Therapeutics,ft1000_wayback:20210331132419,ft1000_wayback:20210331132419,31,blog/,True,,
moresurfacecare.com,ecommerce_retail,us,MORE Surface Care,inc.com_api_i5list,inc.com_api_i5list,31,blog/,True,,
instapainting.com,ecommerce,us,Instapainting,Winter 2011,yc,30,blog/,True,,
ploomber.io,devtools,us,Ploomber,Winter 2022,yc,30,blog/,True,,
github.com,devtools,us,GitHub,g2.com_wayback,g2.com_wayback,30,blog/,True,,
readyamerica.com,ecommerce_retail,us,Ready America,inc.com_api_i5list,inc.com_api_i5list,30,blog/,True,,
azinsulation.com,services_other,us,Barrier Insulation & Energy,inc.com_api_i5list,inc.com_api_i5list,30,blog/,True,,
utahsplumber.com,services_other,us,Connectionz Acquisition,inc.com_api_i5list,inc.com_api_i5list,30,blog/,True,,
yourmechanic.com,ecommerce,us,YourMechanic,Winter 2012,yc,29,blog/,True,,
controlhub.com,fintech,us,ControlHub,Winter 2021,yc,29,blog/,True,,
terravion.com,other,us,Terravion,Winter 2014,yc,29,blog/,True,,
dbconstructiongrp.com,services_other,us,D&B Construction,inc.com_api_i5list,inc.com_api_i5list,28,blog/,True,,
simplify.jobs,ecommerce,us,Simplify,Winter 2021,yc,28,blog/,True,,
meticulous.ai,devtools,eu,Meticulous,Summer 2021,yc,28,blog/,True,,
protocol.ai,devtools,us,Protocol Labs,Summer 2014,yc,28,blog/,True,,
kalshi.com,fintech,us,Kalshi,Winter 2019,yc,28,blog/,True,,
doppler.com,devtools,us,Doppler,Winter 2019,yc,28,blog/,True,,
xevant.com,health,us,Xevant,inc.com_api_i5list,inc.com_api_i5list,28,blog/,True,,
infoverity.com,services_other,us,Infoverity,inc.com_api_i5list,inc.com_api_i5list,28,blog/,True,,
mightyswell.com,ecommerce_retail,us,Mighty Swell Spiked Seltzers,inc.com_api_i5list,inc.com_api_i5list,27,blog/,True,,
nethive.it,services_other,eu,Nethive,ft1000_wayback:20220301043147,ft1000_wayback:20220301043147,27,blog/,True,,
moichor.com,other,us,Moichor,Winter 2021,yc,27,blog/,True,,
hypotenuse.ai,software_saas,us,Hypotenuse AI,yc_directory,yc_directory,27,blog/,True,,
konta.com,fintech,us,Konta.com,Summer 2021,yc,27,blog/,True,,
quardev.com,services_other,us,Quardev,inc.com_api_i5list,inc.com_api_i5list,27,blog/,True,,
supertokens.com,devtools,us,SuperTokens,yc_directory,yc_directory,27,blog/,True,,
bottomless.com,ecommerce_retail,us,Bottomless,yc_directory,yc_directory,27,blog.,True,,
gather.town,ecommerce,us,Gather,Summer 2019,yc,27,blog/,True,,
meetings.io,ecommerce,us,Bitplay,Winter 2010,yc,27,blog/,True,,
activeloop.ai,devtools,us,Activeloop,yc_directory,yc_directory,27,resources/,True,,
bizzy.io,ecommerce,us,Bizzy,Winter 2015,yc,27,blog/,True,,
pipelinedb.com,devtools,us,PipelineDB,Winter 2014,yc,27,blog/,True,,
yellowtelescope.com,services_other,us,YellowTelescope,inc.com_api_i5list,inc.com_api_i5list,27,blog/,True,,
teamnoteapp.com,saas,us,TeamNote,Winter 2015,yc,26,blog/,True,,
cosentus.com,health,us,Cosentus,inc.com_api_i5list,inc.com_api_i5list,26,blog.,True,,
proofed.com,services_other,us,Proofed,inc.com_api_i5list,inc.com_api_i5list,26,blog/,True,,
curtsyapp.com,ecommerce,us,Curtsy,Summer 2016,yc,26,blog/,True,,
ebsassociates.com,fintech_insurance,us,Ebs Associates,inc.com_api_i5list,inc.com_api_i5list,26,blog/,True,,
getlago.com,fintech,us,Lago,Summer 2021,yc,26,blog/,True,,
windsor.io,saas,us,Windsor,Winter 2019,yc,26,blog/,True,,
contractexteriors.com,services_other,us,Contract Exteriors,inc.com_api_i5list,inc.com_api_i5list,25,blog/,True,,
capstonetitletx.com,services_other,us,Capstone Title,inc.com_api_i5list,inc.com_api_i5list,25,blog/,True,,
aurabeattech.com,ecommerce_retail,us,Aurabeat,yc_directory,yc_directory,25,blog/,True,,
leadgenius.com,saas,us,LeadGenius,Summer 2011,yc,25,resources/,True,,
treinta.co,saas,us,Treinta,Winter 2021,yc,25,blog/,True,,
boostable.com,ecommerce,us,Boostable,Winter 2014,yc,25,blog.,True,,
leasepath.com,fintech_insurance,us,Leasepath,inc.com_api_i5list,inc.com_api_i5list,25,blog/,True,,
idelic.com,software_saas,us,Idelic,inc.com_api_i5list,inc.com_api_i5list,25,blog.,True,,
transportservices.com,services_other,us,Transport Services,inc.com_api_i5list,inc.com_api_i5list,25,blog/,True,,
buzzybooth.com,services_other,us,BuzzyBooth,inc.com_api_i5list,inc.com_api_i5list,25,blog.,True,,
typedream.com,ecommerce,us,Typedream,Winter 2020,yc,25,blog/,True,,
getenflux.com,services_other,us,Enflux,yc_directory,yc_directory,25,blog/,True,,
