domain,company,stratum,country,vertical,industry_raw,employees,n_article_urls,posts_probed,posts_en,posts_informational,posts_usable,languages,est_usable_total,sample_titles
zerodown.com,ZeroDown,yc,USA,other,Real Estate and Construction,13.0,394,5,5,5,3,en,236,5 Inspiring Interior Design Accounts to Follow on TikTok | 2020 Gift Guide: For the Home-Obsessed Person in Your Life ( | 10 Red Flags To Look Out for When Viewing a Home
edenworkplace.com,Eden,yc,USA,saas,B2B,45.0,374,5,5,2,2,en,150,"Employees Are Happy to Be Back, But Crave Flexibility Above  | Company Event Planning Made Easy | Why Networking Events are Valuable for an Office Manager's C"
renthop.com,RentHop,yc,USA,ecommerce,Real Estate and Construction,9.0,370,5,5,4,4,en,296,"How Compass is Different from Zillow, Redfin, and Typical Br | Exclusive Apartment Listings with Full Address Take Priority | “Ghost listings” and RentHop"
okcredit.in,OkCredit,yc,USA,fintech,Fintech,70.0,351,5,5,5,5,en,351,Is the Income Earned through Interests Taxable under GST? Kn | 10+ Business Ideas for Women in Goa to Start Easily | Cheque Bounce Reasons: Check out the reasons and know how to
zerocater.com,Zerocater,yc,USA,saas,B2B,140.0,341,5,5,4,4,en,273,Creative and Fun Holiday Office Party Ideas | Appeal to Millennials With These Money-Saving Work Perks | How to Enhance Sandwich Offerings at the Office | ZeroCater
ambition.com,Ambition,yc,USA,saas,B2B,55.0,337,5,5,4,3,en,202,The Anatomy of Effective Sales Feedback | The Account Management KPI Index | The Sales Influencer Series Presents: EksAyn Anderson
ticketstumbler.com,Ticket Stumbler,yc,USA,ecommerce,Consumer,2.0,321,5,5,2,2,en,128,Stadium Maps are Up | Brand New – The Archers’ Bows Have Broken | Ticket Sales of the Week
zentail.com,Zentail,yc,USA,ecommerce,B2B,30.0,271,5,5,4,4,en,217,3 Ways to Finance the Growth of Your Amazon Business | Zenta | Which Ecommerce Strategy is Winning During the Coronavirus?  | Amazon Explains How It Defines Price Gouging | Zentail Blog
fond.co,Fond,yc,USA,fintech,B2B,51.0,260,5,5,3,3,en,156,4 Reasons Why Every Manager Should Care About Emotional Inte | The 4 Most Effective Incentives for Employees | Fond | Thank you to our wonderful customers for a great 2019!
ramp.com,Paribus,yc,USA,fintech,Fintech,,244,5,5,3,2,en,98,"Vendor Management Best Practices | Ramp Explains How to Give New Life to Older Videos - RAMP | Just released, Ramp’s 2022 Q2 Spending Benchmarks"
hypercontext.com,Hypercontext,yc,USA,saas,B2B,15.0,229,5,5,5,5,en,229,5 Ways to increase productivity on your team | Remote-first meetings improve productivity and communication | Reward vs Recognition: Engaging and Motivating Employees | S
sketchdeck.com,SketchDeck,yc,USA,saas,B2B,20.0,224,5,5,4,3,en,134,How Top B2B Startups are Creating Case Studies to Turn Leads | What should go in my sales presentation? | 113 New Marketing Tools You Need To Grow In 2016 - Part 7: S
flexfits.com,The Flex Company,yc,USA,ecommerce,Consumer,28.0,222,5,5,5,5,en,222,How to Have a Full-Body Orgasm | The Fornix | Flex™ | 8 fun & unusual virtual date ideas | The Fornix | Flex | 5 indoor workouts to try during your period | The Fornix | F
nanonets.com,NanoNets,yc,USA,devtools,B2B,102.0,217,5,5,4,4,en,174,An In-Depth Guide to Document Management Workflow | Intelligent document processing with AI | Nanonets | Business Process Optimization - A 2022 BPO Guide | Nanonets
rocketrip.com,Rocketrip,yc,USA,fintech,B2B,68.0,214,5,5,4,4,en,171,12 Travel New Year's Resolutions | What to Know About Airbnb for Business Travel | An Open Booking Policy: 6 Reasons Why It's Right for Your Co
chartio.com,Chartio,yc,USA,saas,B2B,40.0,213,5,5,2,2,en,85,Chartio - Blog | Chartio - Blog | Embedded Analytics: What Is It and How Is It Used?
soylent.com,Soylent,yc,USA,ecommerce,Consumer,51.0,213,5,5,3,3,en,128,"How to Improve Your Work-Life Balance: 4 Effective, Underval | Tomorrow’s Food Today | How to Properly Use a Shaker Bottle (and Clean It, Too)"
zeusliving.com,Zeus,yc,USA,other,Real Estate and Construction,200.0,213,5,5,5,5,en,213,Meet Zeus in Utah | What is the Best Time of the Year to Visit Seattle? | Zeus | | 5 Ways to Make Your Short-Term Stay Environmentally Friendly
hackerrank.com,HackerRank,yc,USA,devtools,B2B,300.0,210,5,5,4,3,en,126,3 Reasons You're Not Building Compatible Tech Teams - Hacker | What Does a QA Engineer Do? Role Overview - HackerRank Blog | Forbes: What Startup CEOs Want In A CFO - HackerRank Blog
phoenix.ca,Phoenix,yc,USA,ecommerce,Healthcare,70.0,209,5,5,3,3,en,125,How to Prevent Pimples on the Scalp in Men - PHOENIX | Rise  | What Are the Causes of Sudden Hair Loss? - PHOENIX | Rise Ag | What Causes Penile Fractures? - PHOENIX | Rise Again
theforage.com,Forage,yc,USA,saas,B2B,65.0,201,5,5,4,4,en,161,Have a Remote Internship? Here Are 6 Ways to Stand Out | How to Respond to a Job Interview Email (With Examples) | How to Choose an Accounting Career Path
communityphone.org,Community Phone Company,yc,USA,ecommerce,Consumer,101.0,200,5,5,5,5,en,200,How to Email Pictures from your Phone | How to use WhatsApp on Android and iPhone cell phones | Google Voice: To Use it or Not?
flow.space,Flowspace,yc,USA,ecommerce,B2B,48.0,198,5,5,5,5,en,198,Social Commerce vs. Ecommerce: A Simplified Guide - Flowspac | Physical Distribution: What Is It And Why Is It Important | Is Omnichannel More Fulfilling than Prime Day for Ecommerce 
papa.com,Papa,yc,USA,ecommerce,Healthcare,500.0,197,5,5,5,5,en,197,Best Jobs for College Students in Tampa | Papa | 4 Factors That Lead to Improved Member Experience That May S | Activities for Seniors in Tampa and St. Petersburg | Papa
legionfarm.com,Legionfarm,yc,USA,ecommerce,Consumer,7.0,189,5,5,2,2,en,76,You wanna be on top? Best Apex streamers reveal their secret | The Grand Review of Apex Legends’ Ranked Arenas | Meet SOKOLOV_GAMING - LegionFarm PRO in Warzone
octopart.com,Octopart,yc,USA,other,Industrials,11.0,180,5,5,4,4,en,144,How to Drive a Servo Motor and the Components You Need | What to Know About Surface Mount Ferrite Inductors for EMI S | How to Select a High Speed Backplane Connector
giveffect.com,Giveffect,yc,USA,saas,B2B,,172,5,5,3,3,en,103,How Giveffect’s Email Marketing System Makes Your NPO Strong | 18NTC: Day One Recap | Unravel the Puzzle: Getting the Most Out of Volunteers [Free
gocheetah.com,Cheetah,yc,USA,ecommerce,B2B,2.0,170,5,5,4,4,en,136,Cheetah | How to Start a Restaurant and Differentiate From O | 3 Tricks to Boost Your Restaurant's Online Presence | 6 Delicious Meal Ideas for All That Leftover Food | Cheetah 
suiteness.com,Suiteness,yc,USA,ecommerce,Consumer,7.0,169,5,5,3,3,en,101,Haunted Hotels to Explore this Halloween | Get Ready For A New Las Vegas Gaming Venue - Suiteness Blog | Holiday Travel Can Be Better & Stress-Free With These Hacks
onesignal.com,OneSignal,yc,USA,devtools,B2B,150.0,168,5,5,3,3,en,101,Customer Engagement Interview Learnings | Fight Coronavirus w/ Alerts That Work | How to Protect Customer Satisfaction Amidst 2021 Holiday Shi
replit.com,Replit,yc,USA,devtools,B2B,65.0,165,5,5,3,3,en,99,Common Errors Python Beginners Encounter (with Solutions) | Internet access for all | Popular Beginner JavaScript Concepts
moltin.com,Moltin,yc,USA,fintech,B2B,32.0,164,5,5,2,2,en,66,Experience xCommerce solutions for retailers to reinvent com | Onboarding with Moltin | 3 Unconventional Black Friday Campaigns and Why They Worked
posthog.com,PostHog,yc,USA,devtools,B2B,150.0,162,5,5,2,2,en,65,The 3 critical reasons companies choose self-hosted analytic | PostHog | Using Gatsby and Puppeteer to create dynamic Open Graph imag
sqreen.com,Sqreen,yc,USA,saas,B2B,120.0,160,5,5,3,3,en,96,Monitoring the performance of a Node.js web application - Sq | Top 5 security topics to consider when releasing your first  | Picking the best JS engine for your Node app’s performance -
sfox.com,SFOX,yc,USA,fintech,Fintech,60.0,159,5,5,3,3,en,95,"Sickness, Halvings, and DeFi: The SFOX Crypto Market Report, | New Correlation Data Reveal BTC — and ETH — Dominance - SFOX | Price, Regulatory, and Product Growth: The SFOX Crypto Marke"
vidyard.com,Vidyard,yc,USA,saas,B2B,201.0,153,5,5,3,2,en,61,9 Examples of Video for Demand Generation - Vidyard | Are you leveraging Vidyard's Slick Real-Time Analytics? - Vi | 4 Tips for Creating A Killer Video Voicemail
angel.co,SlidePay,yc,USA,fintech,Fintech,2.0,146,4,4,4,4,en,146,How Remote Work Impacts Employees With Disabilities | Startup Growth and Venture Returns: What We Found When We An | How To Hire World-Class Engineers
authy.com,Authy,yc,USA,saas,B2B,201.0,143,5,5,3,3,en,86,Authy Desktop now available in Beta for Linux - Authy | Two-Factor Authentication News • Authy | Two-Factor Authentication News • Authy
singlestore.com,SingleStore,yc,USA,devtools,B2B,150.0,137,5,5,3,3,en,82,AWS Translate and SingleStore | A Moment (or Two) to Celebrate as SingleStore Makes a Big An | Join SingleStore at the Data Science Summit in San Francisco
instrumentl.com,Instrumentl,yc,USA,saas,B2B,60.0,136,5,5,4,4,en,109,Partnership Pays! 5 Ways Partnering Builds More Grants Succe | What is a Proposal Narrative? Grant Writing 101 | What is the Difference Between a 501c6 and 501c3?
custora.com,Custora,yc,USA,ecommerce,B2B,11.0,136,5,5,4,4,en,109,"What Google's Inbox Means for Email Marketing Teams | Escape the Discount Downward Spiral, Part 3: Full-Price Grow | Escape the Discount Downward Spiral, Part 1: Solving for Exc"
signoz.io,SigNoz,yc,USA,devtools,B2B,38.0,131,5,5,3,3,en,79,"Docker Stats | Understand how to monitor Docker Metrics with | AWS X-Ray vs Jaeger - key features, differences and alternat | Top 11 MYSQL monitoring tools in 2022 [open-source included]"
goteleport.com,Teleport,yc,USA,devtools,B2B,255.0,127,5,5,4,4,en,102,How to Connect IoT Devices to Teleport | Teleport | Access Control Podcast: Episode 9 | Access Control Podcast: Episode 2
postscript.io,Postscript,yc,USA,ecommerce,B2B,180.0,123,5,5,2,2,en,49,How to Find and Maximize the Best SMS Pricing for your Brand | We’ve Raised $65M in Series C Funding—Here’s What’s Next for | Become a Postscript Certified Partner Today!
vendoo.co,Vendoo,yc,USA,ecommerce,Consumer,55.0,119,5,5,4,4,en,95,Upcoming Reseller Events: Virtual and Live Events You Can't  | 5 Things You Didn’t Know You Could Do With Vendoo (Part 1) | 5 Tips for Being Sustainable as a Reseller
magicbell.com,MagicBell,yc,USA,devtools,B2B,4.0,118,5,5,4,4,en,94,How to Use Firebase to Send Push Notifications | 5 Examples of Highly Effective Browser Notifications | How to Set Up Android Push Notifications
lendup.com,LendUp,yc,USA,fintech,Fintech,201.0,110,5,5,2,2,en,44,"LendUp Launches in Mississippi | Tyra Fennell on Art, Community and Economic Activation | Journey to obtain a payday loan"
gigster.com,Gigster,yc,USA,saas,B2B,51.0,108,5,5,3,3,en,65,Is AutoML Worth It? The Risks of Deploying Machine Learning  | What the GameStop Wallet Means for Mass Crypto Adoption and  | Lessons from Innovating in a Large Organization
betterhalf.ai,Betterhalf,yc,USA,ecommerce,Consumer,25.0,105,5,5,4,4,en,84,Ready to finally meet your quarantine online lover after loc | A Fool’s Guide to Avg Antivirus Review Explained | Share your love story - Betterhalf.ai
queenly.com,Queenly,yc,USA,ecommerce,Consumer,13.0,101,5,5,3,3,en,61,15 Must-Have Summer Styles: Formalwear Edition | 2022 VMA Nominations and Fashion Predictions | How To Dress for a Girls Night Out
fanhero.com,FanHero,yc,USA,ecommerce,Consumer,1.0,99,5,5,5,5,en,99,Don’t Let Third Parties Beat You To The Play | Turn Your YouTube Channel into A Video On Demand Platform | Streaming Services are Growing to Meet Global Need During th
hatchways.io,Hatchways,yc,USA,saas,B2B,8.0,97,5,5,3,3,en,58,Pursuing Creativity - From Magazine Editor to Software Engin | The Pros and Cons of Blind Hiring | Apprenticeships Part 2 - Critiques and the Future of Coding 
dailybot.com,Dailybot,yc,USA,devtools,B2B,11.0,96,5,5,4,2,en,38,Sprint Check-In Template | Don’t build a Slack bot from scratch when you can use a no-c | How to give kudos to your remote teams and create a kudos cu
powerx.co,PowerX,yc,USA,other,Industrials,20.0,93,5,5,4,4,en,74,"Noticing Your Electricity Bills Are Higher Than Usual? You’r | 5 Top Tips to Save Energy This Fall | Senior Manager, Customer Experience"
scuba.io,Scuba,yc,USA,saas,B2B,51.0,92,5,5,5,5,en,92,Why All Your Data Should Be Raw | 7 Ways to Actually Improve Customer Effort Score | How to Enhance Your Business Intelligence Insights and Proce
humaans.io,Humaans,yc,USA,saas,B2B,48.0,90,5,5,3,3,en,54,How HR tech can help your startup focus on people and scale  | How to build effective HR and People Operations budget | Is End-of-Year a Good Time for Pay Raises and Bonuses?
secondmeasure.com,Second Measure,yc,USA,fintech,B2B,62.0,90,5,5,4,3,en,54,Why Stitch Fix isn’t like Blue Apron (and how it stacks up i | From Avis to Zipcar: what’s driving change in how we get aro | Online daters chase love at first sight with Tinder and Bumb
duffel.com,Duffel,yc,USA,devtools,Consumer,55.0,87,5,5,3,3,en,52,Opening up to Open Source: Duffel Blog | Give your customers the best flight booking experience with  | What is Impostor Syndrome - Duffel Blog
devcycle.com,DevCycle,yc,USA,saas,B2B,55.0,86,5,5,3,3,en,52,Why Use Nest.js | How Edge Flags Will Change the Face of Feature Management | What Are Feature Flags In DevOps
breadcrumbs.io,Breadcrumbs.io,yc,USA,saas,B2B,20.0,84,5,5,5,5,en,84,How to Use Your Lead Generation Process to Create Better Buy | Chief Revenue Officer (CRO): 3 Reasons You Should Hire One | 5 Simple B2B Customer Retention Strategies (And How to Get S
gimbooks.com,GimBooks,yc,USA,fintech,B2B,16.0,83,5,5,4,2,en,33,6 Benefits Of Using Cloud Accounting In Your Business | Frequently asked questions on E-invoice | How to get a first time business loan
alinea-invest.com,Alinea,yc,USA,fintech,Fintech,12.0,82,5,5,5,4,en,66,The Paradox of Investing | What Is Compounding in Stocks? How Compound Interest Works?  | Which ETF Does Warren Buffett Recommend: Our Breakdown- Alin
joinfightcamp.com,FightCamp,yc,USA,ecommerce,Consumer,64.0,81,5,5,3,3,en,49,FightCamp Success: Working and Working Out From Home | FightCamp Trainer Spotlight: Shanie “Smash” Rusth | Step-By-Step: How To Fill Your Heavy Bag Base
datree.io,Datree,yc,USA,devtools,B2B,16.0,78,5,5,3,3,en,47,Enforce Pull Request descriptions with Datree | How to use git push force the right way | Git undo merge [a Git commands tutorial]
zeorouteplanner.com,Zeo Route Planner,yc,USA,saas,B2B,15.0,75,5,5,4,3,en,45,How to plan a route for multiple destinations in Google Maps | Zeo Route Planner App Review on Free Apps Forme | Zeo Route  | How can routing software help you match with the e-commerce 
lofty.ai,Lofty,yc,USA,fintech,Fintech,7.0,75,5,5,2,2,en,30,Buy Tokenized Real Estate | Lofty AI Investing App | Buy Tokenized Real Estate | Lofty AI Investing App | Real estate investing 101: Tips for Beginners
trycelery.com,Celery,yc,USA,ecommerce,B2B,11.0,73,5,5,4,4,en,58,Step-by-Step Guide to Marketing Your Crowdfund. Part 1: Opti | Convergence: What happens when virtual realities take over? | 6 Supreme Lessons 'The Coolest' Cooler Can Teach You
cognitohq.com,Cognito,yc,USA,fintech,B2B,12.0,72,5,5,4,3,en,43,Age Verification Without Friction | Cognito | 6 Best Practices for ID Verification | Cognito | Thinking of Using Social Data? | Cognito
clustrix.com,Clustrix,yc,USA,devtools,B2B,51.0,72,5,5,4,3,en,43,What It Means To Be An Appliance | Sharding: In Theory and Practice (Part Two) | Clustrix named a Top 20 Enterprise Software Vendor by Silico
alphaflow.com,AlphaFlow,yc,USA,fintech,Fintech,26.0,71,5,5,4,4,en,57,Top 7 Real Estate Crowdfunding Sites for Investors Ebook | How Defaults Work | Are Fintech Firms Becoming More Like Banks?
padmapper.com,PadMapper,yc,USA,ecommerce,Real Estate and Construction,2.0,69,5,5,2,2,en,28,5 Things to Watch Out For When Searching for an Apartment on | More Cities get Yelp Listings | San Francisco Crime Map/Overlay
kopa.co,Kopa,yc,USA,ecommerce,Real Estate and Construction,6.0,67,5,5,5,5,en,67,15 Things to Know Before Moving to Houston | A Guide to the Neighborhoods of San Francisco | A Guide to the Neighborhoods of Seattle
tydo.com,Tydo,yc,USA,fintech,B2B,14.0,66,5,5,3,3,en,40,The TikTok Keys to Success with JT Barnett | Instilling Wonder into the Post-Purchase Experience with Won | Tydo Launches New Platform
snapdocs.com,Snapdocs,yc,USA,saas,Real Estate and Construction,285.0,65,5,5,4,4,en,52,Where Should Lenders Begin With Digital Closings? – Snapdocs | How to Measure Your Success With eClosings | Snapdocs | Why Digital Closings Are the Default at Waterstone Mortgage 
popl.co,Popl,yc,USA,saas,B2B,60.0,65,5,5,3,3,en,39,A Guide to Digital Business Cards in 2022 | Popl Vs Traditional Business Cards | Digital Vs Paper - Popl | 2022 Networking Events for Entrepreneurs and Startups
inspectify.com,Inspectify,yc,USA,ecommerce,Real Estate and Construction,75.0,65,5,5,5,5,en,65,What is a maintenance inspection and when should you get one | What is the due diligence period? | 6 reasons why you should never skip a home inspection
convox.com,Convox,yc,USA,devtools,B2B,3.0,65,5,5,4,3,en,39,Massive Build Improvements | Image Workflows | The Challenges of EFS
eduflow.com,Eduflow,yc,USA,other,Education,12.0,64,5,5,2,2,en,26,New activity & flow: Instructor review · Eduflow blog | How Animalz Built Stronger Team Connections During Onboardin | How COVID-19 will change online learning forever · Eduflow b
brainboard.co,Brainboard,yc,USA,devtools,B2B,9.0,64,5,5,4,2,en,26,End to end cloud management & governance platform. | End to end cloud management & governance platform. | End to end cloud management & governance platform.
nextcaller.com,Next Caller,yc,USA,saas,B2B,20.0,61,5,5,3,3,en,37,Next Caller announces partnership with Oracle... - Next Call | 15 for 2015 – Customer Service Trends - Next Caller Blog | Curious to see how Next Caller works in the... - Next Caller
scispot.io,Scispot,yc,USA,saas,B2B,16.0,60,5,5,5,2,en,24,Talk is Biotech! with Guru Singh and Mike Tarselli | How to make your biotech startup a tech company? | Top 5 Zebrafish CROs in the World
natero.com,Natero,yc,USA,saas,B2B,11.0,59,5,5,3,3,en,35,Better Dashboards for Customer Success Teams | Designing Customer Health Scores | Why Net Promoter Score (NPS) Matters for Customer Success
upequity.com,UpEquity,yc,USA,fintech,Real Estate and Construction,90.0,58,5,5,4,3,en,35,"How is Bonus, Overtime, and Commission Income Calculated by  | UpEquity Named BuiltIn Austin's Startups to Watch in 2022 | 3 Ways To Pick The Perfect Neighborhood"
storylane.io,Storylane,yc,USA,saas,B2B,55.0,57,2,2,2,2,en,57,How to Reduce the B2b Saas Sales Process Timeline? | Shadow Calling to Improve Sales Performance
naborly.com,Naborly,yc,USA,fintech,Real Estate and Construction,25.0,55,5,5,5,4,en,44,How to perform a move-out inspection - Naborly Inc. | 5 Tips For Moving Across Country | Rental Affordability Index & the Election
castle.io,Castle,yc,USA,devtools,B2B,20.0,54,5,5,2,2,en,22,Why Online Services with Good Security Are More Profitable | How to Think About GDPR as a Security Vendor | In Defense of Reddit - Compromised two-factor authentication
getmeadow.com,Meadow,yc,USA,ecommerce,B2B,14.0,53,5,5,4,3,en,32,"How to Roll a Joint: A Step by Step Guide ◆ Meadow Blog | The Cannabis 411: A Brief History of Cannabis Criminalizatio | Serving Cannabis: Q&A with Old Pal CEO, Rusty Wilenkin ◆ Mea"
adyn.com,adyn,yc,USA,ecommerce,Healthcare,7.0,51,5,5,4,4,en,41,"How effective is Plan B? And other questions about emergency | The 11 Biggest STD Myths, Debunked | adyn | Why I created adyn | adyn"
nextravel.com,NexTravel,yc,USA,saas,B2B,17.0,51,5,5,4,3,en,31,Blog - Introducing NexTravel Hire | Why Your Company Should Use Corporate Travel Management Tool | What COVID-19 Travel Looks Like
dearbrightly.com,Dear Brightly,yc,USA,ecommerce,Healthcare,3.0,51,5,5,4,4,en,41,Here's How to Get Rid of Milia Effectively (Don't Pick Them) | What is Collagen and How to Rebuild It in the Face - Dear Br | I Can't See A Difference. How Can I Be Assured That The Tret
convex.com,Convex,yc,USA,saas,B2B,110.0,50,5,5,4,4,en,40,"How Sales Teams Use Atlas for Effective Prospecting | Convex | Meet Neha Budhraja, Customer Success Manager | Convex | This Sales Pipeline Calculator Simplifies Cold Calling (Free"
worklytics.co,Worklytics,yc,USA,saas,B2B,,49,5,5,3,3,en,29,"Building great engineering teams., Worklytics | Taking Network Analysis Beyond Email | Measure How Your Organization is Adapting to WFH"
archbee.com,Archbee,yc,USA,devtools,B2B,12.0,49,5,5,5,5,en,49,Software Testing Documentation: What Is It and Why Should Yo | 10 Best Certifications in Technical Writing for Technical Wr | Guide to API Documentation
enterneverland.com,Neverland,yc,USA,ecommerce,Consumer,2.0,48,5,5,5,5,en,48,How to Choose and Use a Tomato Cage | Neverland Blog | How to Grow and Care For Philodendron Micans | Neverland Blo | How To Achieve Proper Chinese Elm Bonsai Care | Neverland Bl
beacons.ai,Beacons,yc,USA,ecommerce,Consumer,35.0,48,5,5,3,3,en,29,How to add links to Instagram Stories & get more clicks | Be | The Best Time to Post on TikTok Every Day of the Week | Beac | The Smart Link ⚡
catch.co,Catch,yc,USA,fintech,Fintech,18.0,46,5,5,3,3,en,28,Health Insurance: Metallic Plans and Cost Savings | Catch | 3 Health Insurance Excuses Answered - Why To Stay Insured |  | 2020 Recap: Taxes
letterdrop.com,Letterdrop,yc,USA,saas,B2B,10.0,45,5,5,4,4,en,36,A Guide to Identifying Your Content Marketing Goals | So you want to run a paid newsletter? | Top 8 Blog Post Templates to Fuel Your Writing Process | A G
usefriz.com,Friz,yc,USA,devtools,Consumer,4.0,44,5,5,5,3,en,26,Top 10 Best Accounting Software Tools For Freelancers To Man | Top networking tips for freelancers - Friz | Freelancing fabric in southeast Asia - Friz
re2.ai,Resquared,yc,USA,saas,B2B,40.0,44,5,5,4,2,en,18,More than 80% Of Holiday Shoppers Surveyed Say They Would li | It’s Never Been More Important to Have Multiple Sales Touchp | Filling Troubled Properties 101
chatwoot.com,Chatwoot,yc,USA,devtools,B2B,12.0,42,5,5,5,5,en,42,30 customer service tips you can adopt right now | Chatwoot | Will customer service be replaced by robots? | 6 key factors that affect customer satisfaction the most
whalesync.com,Whalesync,yc,USA,saas,B2B,8.0,41,5,5,4,2,en,16,Web3 & No-Code | 8 E-Commerce Email Marketing Best Practices To Boost Your RO | 10 Airtable Competitors for Your Use Case (2022)
accept.inc,Accept.inc (formerly BoardRE),yc,USA,fintech,Fintech,80.0,40,3,3,3,3,en,40,Buying a House Cash vs Mortgage - What's Better? | How to Buy a Home - Step Two: Find Your Financing | How to Find the Best Mortgage Lender in Denver | Accept.inc
zbiotics.com,ZBiotics,yc,USA,ecommerce,Healthcare,22.0,39,5,5,3,3,en,23,What's Wrong with Probiotics? Part 1 | Does alcohol really cause dehydration? | 7 Tips to Feel Better After Drinking Alcohol
honeylove.com,Honeylove,yc,USA,ecommerce,Consumer,100.0,39,5,5,2,2,en,16,Getting Real About Miscarriage | End of year check-in | Reclaiming Valentine's Day
oneschema.co,OneSchema,yc,USA,saas,B2B,20.0,38,5,5,3,3,en,23,How to Reduce Customer Churn with Better Customer Onboarding | Flatfile Competitors: The 4 Best Alternatives | What's New in OneSchema July 2022
moonshotbrands.com,Moonshot Brands,yc,USA,fintech,Fintech,35.0,38,5,5,5,5,en,38,How To Sell An FBA Business | Moonshot Brands | Business Transfer Checklist | Moonshot Brands | The Complete Guide to Understanding Consumer Psychology | Mo
gogenuity.com,Genuity,yc,USA,saas,B2B,31.0,37,5,5,3,3,en,22,Technology Management in Uncertain Times | Genuity | Genuity Named High Performer and Best Support in G2 Summer R | Welcome Genuity's New Head of Advanced Cybersecurity Solutio
validere.com,Validere,yc,USA,other,Industrials,110.0,36,5,5,2,2,en,14,Clean data. Clear direction. A new chapter for Validere. | Data Is Now Available for the Market to Incentivize the Low  | TRP Energy selects Validere as emissions measurement and rec
jenfi.com,Jenfi,yc,USA,fintech,Fintech,18.0,36,5,5,5,3,en,22,How To Obtain A Small Business Loan Through PayPal | Skyrocket Sales by Optimizing Your Facebook Target Audience | 3 Ways to Advertise Without Spending Any Money
stownest.com,Stownest,yc,USA,ecommerce,Consumer,80.0,33,5,5,4,4,en,26,Where and How to Store Your Stuff during Rennovation | Questions to Ask About Self-Storage Before Renting | How I Saved 90% of My House Rent During Lockdown!
warmly.ai,"Warmly,",yc,USA,saas,B2B,60.0,33,5,5,3,3,en,20,"Week 8 in Y-Combinator: Why 376 people help Warmly regularly | 🗒 Warmth at Work Episode 3: CIENCE | Back to back meetings? No worries, #Warmly has you covered!"
metaplane.dev,Metaplane,yc,USA,devtools,B2B,32.0,31,5,5,4,4,en,25,"How to Evaluate Data Observability Tools | Proxy and Practicality | What Data Observability Is, What It’s Not, and Why it Matter"
instapainting.com,Instapainting,yc,USA,ecommerce,Consumer,2.0,30,5,5,2,2,en,12,Art Everywhere Initiative | How To Showcase Your Pet With The Perfect Pet Portrait Paint | Inside the Lives of Chinese Art Factory Workers
yourmechanic.com,YourMechanic,yc,USA,ecommerce,Consumer,115.0,29,5,5,2,2,en,12,YourMechanic's Interview Process For the Engineering Team | Meet the Team: Ken Eng | I Have No Idea What's Wrong With My Car - Where Do I Begin?
controlhub.com,ControlHub,yc,USA,fintech,B2B,22.0,29,5,5,4,4,en,23,General Ledger Account Reconciliation Example | Procurement vs. Purchasing… what’s the difference? | Month End Reconciliation: What You Need to Know
doppler.com,Doppler,yc,USA,devtools,B2B,25.0,28,5,5,3,2,en,11,Doppler vs. HashiCorp Vault | We Were Vulnerable | Doppler: Tutorials
getlago.com,Lago,yc,USA,fintech,B2B,45.0,26,4,4,3,3,en,20,"Pricing, my only growth hack at Qonto | Lago Blog - We crunched the fees of Stripe's 21 products | Lago Blog - Generating PDF invoices using Lago"
windsor.io,Windsor,yc,USA,saas,B2B,5.0,26,5,5,5,5,en,26,How Video Can Accelerate your eCommerce Growth | 3 ways to upgrade your email marketing using AI-powered vide | How Dover uses personalized email flows to streamline recrui
boalogistics.com,BOA Logistics,inc.com_api_i5list,us,services_other,Logistics & Transportation,,398,5,5,4,2,en,159,Essays - Tips On Writing One - BOA Logistics | Immediate Relationship Definition - Am I Married? - BOA Logi | 5 various Advantages of Marrying a Foreign National - BOA Lo
lendingworks.co.uk,Lending Works,ft1000_wayback:20210331132419,uk,fintech_insurance,Fintech,,353,5,5,4,4,en,282,Are personal loans better than secured loans? | Lending Work | Is the state pension model the solution to social care? | The dangers facing the current financial system | Lending Wo
highkey.com,HighKey,inc.com_api_i5list,us,ecommerce_retail,Food & Beverage,,338,5,5,4,3,en,203,Keto Rib-Eye With Cauliflower Recipe | Mediterranean Roll Ups 🤤 | Low-Carb Baking Essentials: Ingredients and Substitutes
medcerts.com,MedCerts,inc.com_api_i5list,us,edtech,Education,,332,5,5,4,4,en,266,How Can MyCAA Help You Start a Career? | How to Choose a High Vacancy Job With Your MyCAA Grant | Feeling Stuck? 5 Inspiring Unemployment Training Benefits
orchard.com,Orchard Homes,inc.com_api_i5list,us,services_other,Real Estate,,331,5,5,4,4,en,265,What to Look for During Your Final Home Walkthrough | Closing with Orchard | Orchard | How to Qualify for a Mortgage Before Selling Your Old Home
somatechnology.com,Soma Tech Intl,inc.com_api_i5list,us,health,Health Products,,322,5,5,4,3,en,193,Different OEC 9900 Elite Configurations | The Clinical Importance of Bladder Scanners in Urinary Reten | Alaris PC Unit 8015 Featuring Exceptional Versatility
accountingseed.com,Accounting Seed,inc.com_api_i5list,us,software_saas,Software,,312,4,4,3,3,en,234,The Power of White Noise - Accounting Seed | Top 3 Accounting Careers for New Accountants - Accounting Se | Linked Reports - Accounting Seed
siteimprove.com,Siteimprove,ft1000_wayback:20230425220624,eu,software_saas,Technology,,310,5,5,5,5,en,310,Prepare your website for Core Web Vitals with Siteimprove | How to Manage Duplicate Content with Canonicalization | Exploit these Overlaps between SEO and Web Accessibility
ediblearrangements.com,Edible Arrangements,inc.com_api_i5list,us,ecommerce_retail,Retail,,296,4,4,3,3,en,222,50 One-of-a-Kind 60th Birthday Gift Ideas - Edible® Blog | Favorite Dessert Shooter Ideas - Edible® Blog | Edible Cares™ Fund Provides Support to Store Employees - Edi
incauthority.com,Inc Authority,inc.com_api_i5list,us,services_other,Business Products & Services,,280,5,5,4,4,en,224,Forming an LLC for a New Business | Inc Authority | Starting a Pressure Washing Business: A Step by Step Guide - | How to Start an LLC in Arkansas: Step-by-step | Inc Authorit
embroker.com,Embroker,inc.com_api_i5list,us,fintech_insurance,Insurance,,279,5,5,4,4,en,223,How Embroker Changed Cyber Dive’s Entire Perspective on Insu | Does Your Startup Need D&O Insurance? | Fractional Marketing vs. Interim Marketing Support in Law Fi
clear.co,Clearco,inc.com_api_i5list,us,fintech_insurance,Financial Services,,273,5,5,5,5,en,273,A quick guide to understanding inventory financing | B2B SaaS marketing attribution: What you need to know | Blog | Clearco
everydoorrealestate.com,Top Pod,inc.com_api_i5list,us,services_other,Real Estate,,270,5,5,5,5,en,270,How To Find The Best Agent For A Short Sale | Expert Questions to Ask When House-Hunting with Pets in Mind | 3 Huge Tips For Refinancing Your Mortgage Even If You Have B
chetu.com,Chetu,inc.com_api_i5list,us,services_other,Software,,260,5,4,3,3,en+other,156,Ashley Swanberg | HTML5 App Development Fundamentals - Chetu - Blog | Implement Siemens Soarian® Clinical Workflows and help Hospi
agencyanalytics.com,AgencyAnalytics,g2.com_wayback,other,software_saas,Data Visualization,,256,5,5,3,3,en,154,New Feature: Multiple White Label Profiles | 11 Ways to Increase Your Email Open Rate | How To Create Winning Spotify Ad Campaigns - AgencyAnalytics
pieinsurance.com,Pie Insurance,inc.com_api_i5list,us,fintech_insurance,Insurance,,237,5,5,4,4,en,190,How to open a small business bank account | Pie Insurance | What Are Insurance Loss Runs? | Workers' Comp 101 | Pie Insu | Pie Insurance Extends Service to Small Businesses in Alaska 
daily.co,Daily,yc_directory,us,devtools,devtools,,232,5,5,3,2,en,93,"How Daily is working around the H.264 bug in Safari 15.1 | A Bias Towards Action: Why VCs prefer ""technical"" founders | Using Docker and userspace networking to simulate real-world"
distillery.com,Distillery Tech,inc.com_api_i5list,us,services_other,IT Services,,232,5,4,2,2,en+es,93,Hiring the Right Android Developers for Your Applications -  | 7 Awesome Augmented Reality Solutions | Distillery | Distillery Is Now a Certified “Great Place to Work” | Distil
sellvia.com,Sellvia,inc.com_api_i5list,us,ecommerce_retail,Business Products & Services,,227,5,5,5,5,en,227,Want To Grow A Strong Business With SEO? Try This! | Best Company Logos: Brand Logo Stories You May Not Have Hear | Best Ways To Get Instagram Followers And Boost Your Social M
virool.com,Virool,yc_directory,us,software_saas,saas,,221,5,5,4,3,en,133,7 Tricks to Shooting Better Video - Virool Video Marketing B | Case Studies - Virool Video Marketing Blog | 5 Advantages of Programmatic Advertising | Virool
marcumllp.com,Marcum LLP,inc.com_api_i5list,us,services_other,Financial Services,,211,4,4,3,2,en,106,Section 199 Domestic Production Deduction | Basic Health Program Funding Methodology Proposed Notice | Guidance Issued On Eligibility For Renewable Energy Credit
ntiva.com,Ntiva,inc.com_api_i5list,us,services_other,IT Services,,209,5,5,5,5,en,209,5 Things Your IT Help Desk Should Do For You | CMMC Section 3.5: Identification and Authentication | Bring Your Own Device (BYOD) Policy Tips and Best Practices
manatal.com,Manatal,g2.com_wayback,,software_saas,Applicant Tracking Systems (ATS),,203,5,5,5,5,en,203,Everything you need to know about Recruitment CRM | 9 Reasons Why You Need an Applicant Tracking System | 6 Phrases To Say And Avoid In A Performance Review
siegfriedgroup.com,The Siegfried Group,inc.com_api_i5list,us,services_other,Financial Services,,201,5,5,4,4,en,161,Locked and loaded: joy triggers | Siegfried Blog | 3 ways to improve your headspace for creativity | Siegfried  | Four things to look for in a mentor | Siegfried Blog
verifone.com,2Checkout (now Verifone),g2.com_wayback,us,fintech_insurance,E-Commerce Platforms,,200,5,5,2,2,en,80,Boosting Revenue with mPOS | Do Your Customers Ship Their Pants? | Forget Apple. Could Disney Kickstart NFC? : The Verifone Blo
sendowl.com,SendOwl,g2.com_wayback,,software_saas,E-Commerce Platforms,,194,5,5,4,3,en,116,Digital File Delivery: What to look for in a digital file de | How to Sell Codes Online: | Don't forget to plan your marketing for Black Friday and Chr
actioncleanup.com,Action Unlimited Resources,inc.com_api_i5list,us,ecommerce_retail,Business Products & Services,,192,4,4,3,2,en,96,The single most important quality of the best employee | COVID-19: Keeping Colleges Safe | The Best Ice Melt Tips in February
mentorcollective.org,Mentor Collective,inc.com_api_i5list,us,edtech,Education,,192,5,4,3,3,en+other,115,The Next Generation of Student Success | 40% of STEM Deans Don't Have Enough Mentors for Underreprese | How High-Quality Relationships Foster Sense of Purpose & Bel
strongdm.com,strongDM,g2.com_wayback,,software_saas,Identity and Access Management (IAM),,189,5,5,4,4,en,151,"Alternatives to Okta Advanced Server Access (ScaleFT) | stro | Managing Access to Ephemeral Infrastructure At Scale | stron | HIPAA, NIST, ISO, FedRAMP, FISMA, SOC2: What is the differen"
territoryfoods.com,Territory Foods,inc.com_api_i5list,us,ecommerce_retail,Food & Beverage,,188,5,5,3,2,en,75,Stress Busting Beverages - Drinks To Help Relieve Stress | How Do We Love Our Location Partners? Let Us Count The Ways. | 3 WAYS TO GET BACK ON TRACK AFTER A HOLIDAY WEEKEND WITH EAS
thirdera.com,Thirdera,inc.com_api_i5list,us,services_other,IT Services,,165,5,5,3,3,en,99,IT Service Management Blog | Evergreen Systems | IT as a Ser | IT Service Management Blog | Evergreen Systems | Asset Cente | IT Service Management Blog | Evergreen Systems | ITSM Strate
decisionlink.com,DecisionLink Corporation,inc.com_api_i5list,us,software_saas,Software,,159,5,5,4,4,en,127,"Recession Buster #5: Refresh Your Pricing Approach | Value Selling War Stories: #2, Is a Business Case Always Req | Using Customer Value Management to Close Your Tech Solutions"
northgatevehiclehire.co.uk,GAP Vehicle Hire,ft1000_wayback:20230425220624,uk,services_other,Support Services,,150,5,5,3,3,en,90,Ensuring a vehicle is roadworthy and safe to drive | HIPPO case study - Northgate Vehicle Hire | Is your ageing fleet slowing you down?
exteriormedics.com,Exterior Medics,inc.com_api_i5list,us,services_other,Construction,,149,5,5,5,5,en,149,How To Insulate Your Windows Without Breaking The Bank | How to Clean an Asphalt Shingle Roof: What You Need to Know | 6 Ways To Allergy-Proof Your Home This Spring
bamboohr.com,BambooHR,g2.com_wayback,us,software_saas,Core HR,,149,5,5,3,3,en,89,"5 Reasons We Offer “Paid Paid Vacation” (And Love It) | Bamb | Meet BambooHR's Newest Partners: Workable, Teamatics, and Mo | Are new employees using your company's directory? - BambooHR"
liquidweb.com,Liquid Web,inc.com_api_i5list,us,services_other,IT Services,,148,4,4,4,3,en,111,How Better Content Will Make Your Site Stand Out | Liquid We | Become PCI Compliant with Liquid Web | Liquid Web | 3 Common Myths to Agency Growth and Scale | Liquid Web
freightpop.com,FreightPOP,inc.com_api_i5list,us,software_saas,Software,,148,4,4,4,4,en,148,"Drones in Supply Chain Management - Warehouse, Tracking, Sur | Material Handling & Shipping - Where You Can Save Money Now! | The Advantages Of Digitizing Freight Data And How To Use It"
formulafolios.com,FormulaFolio Investments,inc.com_api_i5list,us,fintech_insurance,Financial Services,,146,5,5,3,3,en,88,"5-Minute Market Update | May 30, 2017 | FormulaFolios | 5-Minute Market Update | January 23, 2017 | FormulaFolios | FormulaFolios Portfolio Recap // January 2016 | FormulaFolio"
shedavi.com,Shedavi,inc.com_api_i5list,us,health,Consumer Products,,142,5,5,5,4,en,114,Max Hydration Method for Beginners | A little TLC: Some Tips on Keeping Your Hair Moisturized | Which Shedavi Products Should I Use? Let's Talk.
upside.com,Upside Services,inc.com_api_i5list,us,fintech_insurance,Financial Services,,140,5,5,3,2,en,56,How Upside helps fuel retailers as inflation rises | Upside | Where to Work Remotely in Memphis | Upside | Business Travel News Recap: July 26 | Upside Business Travel
greenfly.com,Greenfly,inc.com_api_i5list,us,software_saas,Software,,140,5,5,4,3,en,84,Mascot Marketing Strategy - The Best Examples on TikTok | Moneyball for Social Media: Go Beyond the Usual Metrics - Gr | How Sports Teams Can Demonstrate More Value to Sponsors With
humi.ca,Humi,yc_directory,us,software_saas,fintech,,138,5,5,5,5,en,138,The future is ‘work from anywhere’ (WFA) – why your company  | Four ways to create and maintain an inclusive workplace - Hu | COVID-19 Wage Subsidy: What Is It and How Businesses Can Imm
conquestmaps.com,Conquest Maps,inc.com_api_i5list,us,ecommerce_retail,Consumer Products,,138,5,5,5,4,en,110,"The ultimate travel checklist: 30 things to do before your n | 11 Iconic Adventures in the United States National Parks | 10 Free, Can't-Miss Experiences in Sydney"
silvercloudinc.com,SilverCloud,inc.com_api_i5list,us,software_saas,Software,,138,5,5,3,3,en,83,Arizona Federal: The Secret to 95% Employee Satisfaction | Reimagining the Bank and Credit Union Training Approach | 5 Simple Bank and Credit Union Website Improvements
sensehq.com,Sense,inc.com_api_i5list,us,software_saas,Software,,138,5,5,4,4,en,110,Hard to Love: Why Scaling Contractor Care Isn’t Easy - Part  | Top 10 resources for forward-thinking staffing pros | Different ways to automatically stay engaged with your talen
inventorysource.com,Inventory Source,inc.com_api_i5list,us,software_saas,Software,,136,5,5,5,4,en,109,"How To Write An ""About Us"" Page For A Wholesale Dropship Pro | Selling On eBay Is About Growing Both Sales And Customers | 3D Cart Dropship Integration"
casetext.com,Casetext,yc_directory,us,software_saas,saas,,133,5,5,2,2,en,53,The A.I. Arms Race with Alex Lakatos - Casetext Insights | The Future of the Legal Profession After COVID-19 | Casetext | How To Start a Law Firm Without a Plan or Budget: Your Self-
flyhomes.com,Flyhomes,inc.com_api_i5list,us,services_other,Real Estate,,131,5,5,4,2,en,52,A Q&A with Team Lead Renee Sandoval - Blog | February 2021 Market Update: Southern California - The Livin | December Market Update: Seattle + Eastside - The Living Room
launchdarkly.com,LaunchDarkly,g2.com_wayback,us,devtools,Continuous Delivery,,130,3,3,3,3,en,130,Feature Flags (Toggles) in DevOps: How These Concepts Relate | Feature Flag-Driven Releases | Great GameDays: Thinking About Failure Holistically
demandjump.com,DemandJump,inc.com_api_i5list,us,software_saas,Software,,123,5,5,3,3,en,74,"Content Marketing Examples: When To Use Each Type | DemandJump, Appirio Among Big Mira Winners | Can I Do SEO On My Own? A How-to Guide for SEO"
boldrimpact.com,Boldr,inc.com_api_i5list,us,services_other,Business Products & Services,,122,5,5,2,2,en,49,Post-Traumatic Growth in Outsourcing - Boldr. | Pride Month: No Longer Misunderstood - Boldr. | The Best Tips To Engage Your Remote Teams - Boldr.
bluecrewjobs.com,Bluecrew,yc_directory,us,services_other,saas,,115,5,5,3,3,en,69,April Employment Outlook | Bluecrew Resources | 3 Reasons Flexible Staffing is Key for The Post-COVID World  | Making “Hourly Work” Work: Retention In A Pandemic | Bluecre
pfleet.com,Plavan Commercial Fueling,inc.com_api_i5list,us,fintech_insurance,Business Products & Services,,107,5,5,5,4,en,86,The CFN Application Process | How a Diesel Fuel Card Can Help Your Business | 4 Fuel Card Services You Need to Be Using!
observe.ai,Observe.AI,yc_directory,us,software_saas,saas,,105,5,5,3,3,en,63,Level up QA Evaluations with these new and exciting features | 4 future-forward ways energy companies improve agent perform | How Qualfon decreased average handle time by 16 seconds
coviu.com,Coviu,g2.com_wayback,us,health,Telemedicine,,104,5,5,4,3,en,62,Australian Bushfires Worsen Rural Mental Health Crisis | FAQ: Clinical Aspects of Telehealth | How to Provide Affordable Mental Health Care to Rural Austra
opiniion.com,Opiniion,inc.com_api_i5list,us,software_saas,Software,,101,5,5,2,2,en,40,Why is Online Reputation So Important? - Opiniion | Opiniion Partners with TriArc Real Estate Partners - Opiniio | Opiniion Announces New Partnership - Opiniion
insightpestnorthwest.com,Insight Pest Solutions Portland,inc.com_api_i5list,us,services_other,Consumer Services,,97,5,5,3,2,en,39,Hendricks Park - Insight Pest Solutions | How to Get Rid of Ants | Chelatchie Prairie Railroad - Insight Pest Solutions
avocor.com,Avocor,inc.com_api_i5list,us,ecommerce_retail,Computer Hardware,,93,5,5,5,4,en,74,Business Collaboration: 15 Ideas to Grow & Scale Quickly | A | How to Create Your Inspirational Collaborative Office Space  | Creating the Perfect Huddle Room (Step-By-Step Guide) | Avoc
junipersquare.com,Juniper Square,inc.com_api_i5list,us,fintech_insurance,Software,,87,5,5,4,4,en,70,What the changing definition of “accredited investor” means  | Research results: How the fastest-growing CRE investment fir | Bakersfield to billions: Gelt Inc.’s Keith Wasserman gets re
weberfps.com,Weber Facial Plastic Surgery,inc.com_api_i5list,us,health,Health Services,,82,5,5,3,3,en,49,Dermal Fillers vs. Plastic Surgery - Weber Facial Plastic Su | What You Should Know Before Receiving Dermal Fillers - Weber | Injectable Days! Back by Popular Demand
alluremedical.com,Allure Medical,inc.com_api_i5list,us,health,Health Services,,80,5,5,3,2,en,32,Is Wegovy Weight Loss Drug Really Better than the Generic Br | 5 Week Ab Transformation with Emsculpt | The 80/20 Rule
buypeakperformance.com,Peak Performance Life,inc.com_api_i5list,us,health,Health Services,,79,5,5,3,2,en,32,"Why I'll NEVER Drink Diet Soda | How To Improve Your Cell and Mitochondrial Health While Reve | The INNER Game Of Health. Mindset, Vision, Language, Identit"
totalexpert.com,Total Expert,inc.com_api_i5list,us,fintech_insurance,Financial Services,,76,5,5,2,2,en,30,Top 3 Takeaways from Accelerate 2022 | Total Expert | Watch: Total Expert Demonstrates How Customer Intelligence D | How to Spot the Right Tech Partner for Banking Innovation | 
envistaforensics.com,Envista Forensics,inc.com_api_i5list,us,services_other,Business Products & Services,,74,5,5,5,4,en,59,Top 4 Common Summer Claims | Why do Daubert and Frye Standards Why do Daubert and Frye St | Are There Really Flaws in Cell Phone Location Evidence?
vuram.com,Vuram,inc.com_api_i5list,us,services_other,Software,,74,3,3,3,3,en,74,Eight reasons why your enterprise needs low code | Robotic Process Automation in Manufacturing Industry | Returning to the workplace post-COVID-19: How to get back to
theohmstore.co,The Ohm Store,inc.com_api_i5list,us,ecommerce_retail,Consumer Products,,73,5,5,4,4,en,58,Why And How To Use Singing Bowls For Sleep? (Easiest Action  | Therapeutic Grade Essential Oil: The Story Of Ohm Oil | How To Use Your Little Ohmie Bowl With Your Little Ohmie
superb-ai.com,Superb AI,yc_directory,us,software_saas,saas,,68,4,4,2,2,en,34,Introducing Custom Auto-Label for Long-Tail Computer Vision | Best Practices for Video Annotation for Computer Vision Data | Is DataPrepOps The Missing Piece of the ML Lifecycle Puzzle?
truelinkfinancial.com,True Link Financial,inc.com_api_i5list,us,fintech_insurance,Financial Services,,68,5,5,4,2,en,27,Tough stuff: Cognitive impairment and difficult conversation | Give the gift of independence to your elderly loved one. | T | Social Security Beneficiaries Receive Highest Cost-of-Living
guardianlit.com,"Guardian Litigation Group, LLP",inc.com_api_i5list,us,services_other,Legal,,66,5,5,2,2,en,26,Posts in Budgeting Tips | Consumers Get Additional Debt Collection Protections From CF | Posts in Wage and Hour
peoplesuite.com,PeopleSuite Talent Solutions,inc.com_api_i5list,us,services_other,Human Resources,,63,4,4,3,3,en,47,5 Benefits of Diversity in the Workplace | Best Hiring Practices for a Stronger Team | 4 Tips to Optimize the Business Matchmaking Process
kapitaldata.com,Kapital Data,inc.com_api_i5list,us,services_other,Human Resources,,59,5,5,2,2,en,24,"When We Failed To Deliver, On-Time | Why So Optimistic? | Our Ideal Employee"
languagenetworkusa.com,Language Network,inc.com_api_i5list,us,services_other,Business Products & Services,,58,5,5,3,3,en,35,"The Role of Classroom Interpreters, and How to Select the Ri | The History of Language in Washington State | Meet our Team: Devon Reed"
grover.com,Grover Group,ft1000_wayback:20210331132419,eu,ecommerce_retail,Ecommerce,,57,4,3,2,2,de+en,28,Grover | A beginner’s guide to flying your first drone | Grover Blog | Welcome to the cameraphone space age: the Xiao | Grover | DJI Mini 2 Fly More Combo: Hoch hinaus mit der beli
sstid.com,Strategic Systems & Technology Corporation,inc.com_api_i5list,us,services_other,Business Products & Services,,52,5,5,3,3,en,31,Heads-Up Display for Mobile Workers: Zebra’s Breakthrough HD | Selecting the Right Mobile Devices for Healthcare | Healthca | Exciting Enhancements Made SOTI ONE Platform
modloft.com,International Product Marketing,inc.com_api_i5list,us,ecommerce_retail,Retail,,52,5,5,5,5,en,52,Modern Dining Table Buying Guide | Platform Beds vs. Box Springs: Which is Better? | Modern Sofas: Complete Buyers Guide
doublewoodsupplements.com,Double Wood,inc.com_api_i5list,us,health,Healthcare & Medical,,50,5,5,5,4,en,40,"Explore What’s New In The World Of Supplements, Health, And  | Explore What’s New In The World Of Supplements, Health, And  | Explore What’s New In The World Of Supplements, Health, And "
credpal.com,CredPal,yc_directory,us,fintech_insurance,fintech,,49,5,3,2,2,en+other,20,Home Minimal - CredPal | What is a credit card? - CredPal | Home Category Carousel - CredPal
windowworld-btr.com,Window World of Baton Rouge,inc.com_api_i5list,us,services_other,Construction,,43,5,5,5,3,en,26,3 Tips for Hurricane Preparation | Window World Baton Rouge | Why Do My Windows Have So Much Condensation? - Window World  | How to Increase Your Bathroom Window Privacy - Window World 
eatcaulipower.com,Caulipower,inc.com_api_i5list,us,ecommerce_retail,Food & Beverage,,40,5,5,4,3,en,24,"In Honor Of My Father, Thank You To The Families Who Serve | 5 Things You Didn't Know About Frozen Food | Caulipower | Healthy Tiki Party Ideas | Caulipower"
buildwithproactive.com,Proactive Controls Group,inc.com_api_i5list,us,services_other,Construction,,38,5,5,4,3,en,23,Class 108: Work Breakdown Structures | Three Key Tips to Optimizing a Contractor’s Risk Management  | 83% of the Industry Experiences Claims and 98% of Mega-Proje
creativealignments.com,Creative Alignments,inc.com_api_i5list,us,services_other,Business Products & Services,,36,5,5,4,4,en,29,Six Steps to an Empathetic Exit | How to Write a Job Description to Attract Your Ideal Employe | Actionable Steps For Diversity Hiring
idelic.com,Idelic,inc.com_api_i5list,us,software_saas,Software,,25,5,5,3,3,en,15,Carney Trucking Shutdown: Preventing an Insurance Nightmare | 120 Driver Fleet Suddenly Closes - Only Weeks After Award | The Hidden Danger for Drivers: Depression and 5 Ways to Figh
berndtcpa.com,Berndt CPA,inc.com_api_i5list,us,services_other,Financial Services,,395,5,5,5,3,en,237,Supporting You | Love Your Business | Mobile Solutions
cyberark.com,CyberArk Identity (formerly Idaptive),g2.com_wayback,us,software_saas,Identity and Access Management (IAM),,377,5,5,4,4,en,302,Supply Chain Meets Blockchain: A Perfect Match | CyberArk | Key Management in the Cloud - Part 2 | CyberArk | NOTICE: Investigators Warn of Increase in Service Account Ex
gochirp.com,Chirp,inc.com_api_i5list,us,health,Consumer Products,,367,4,4,4,2,en,184,Three Tips to Become a Successful Chirp Influencer | How the Chirp Wheel Helps Relieve Neck and Shoulder Pain | How to Keep Your Dog’s Back Happy (Because Yours Already Is)
oxylabs.io,Oxylabs.io,ft1000_wayback:20220301043147,eu,devtools,Technology,,355,5,5,4,3,en,213,Playwright Proxy Integration With Oxylabs | What is a Transparent Proxy and How is It Used? | Web Scraping With RegEx
rakenapp.com,Raken DEACTIVATED,inc.com_api_i5list,us,services_other,Software,,342,5,5,4,2,en,137,How to Start a Project on Raken | 5 Green Building Practices for Construction Companies | Mastering the Creation of Construction Daily Reports
intelycare.com,IntelyCare,inc.com_api_i5list,us,health,Health Services,,332,5,5,3,3,en,199,"What does an RN do? | IntelyCare | How Nursing Professionals Can Be Advocates | IntelyCare | What Does a Home Health Nurse Do? - IntelyCare, Inc."
kadenze.com,Kannu,g2.com_wayback,us,edtech,Learning Management System (LMS),,325,5,5,2,2,en,130,What's That Noise?: Devising Sound Elements in Horror Movies | Daily Inspiration #19 - Kadenze Blog | Introducing the Kadenze Virtual Studio: A new teaching space
demandsphere.com,DemandSphere,yc_directory,us,software_saas,saas,,324,5,5,4,3,en,194,SEOMoz and GinzaMetrics partnership | Digital analytics and web optimization | Improve content marketing campaigns
compliancequest.com,ComplianceQuest,inc.com_api_i5list,us,software_saas,Software,,318,5,5,5,5,en,318,"OSHA revises its maximum penalty for 2021 | CompianceQuest | Remote Audits Done Right for Quality & Safety Leaders | Dear Safety Leaders, AI is having its Digital Transformation"
cornerstoneondemand.com,Cornerstone Learning,g2.com_wayback,us,software_saas,Learning Management System (LMS),,317,5,5,4,3,en,190,Forget Best Practices. How to Get Employee Training Right | CSOD | Cornerstone Report Details Effects of Toxic Employees in the
gitprime.com,GitPrime,yc_directory,us,devtools,devtools,,313,5,5,3,3,en,188,Managing From Afar: How This Engineering Manager Tackles the | How to Use the Review & Collaboration Report to Visualize Tr | Towards a Philosophy of Big Data
paddle.com,Paddle,g2.com_wayback,other,fintech_insurance,Subscription Billing,,305,5,5,3,2,en,122,SaaS churn rate: What does good look like? | We've been named a Future Fifty company | Making big bets: Our approach to trade shows and events
mequilibrium.com,New Life Solution,inc.com_api_i5list,us,software_saas,Software,,288,5,5,4,2,en,115,5 Questions to ‘Self-Check’ for Team Burn Out | meQuilibrium | 4 Keys to Sanely Working From Home | meQuilibrium | 3 Ways to Push Past Procrastination | meQuilibrium
gooten.com,Gooten,inc.com_api_i5list,us,ecommerce_retail,Manufacturing,,276,5,5,5,5,en,276,10 Social Media Trends for Your Print on Demand Business - G | How to Use 2020 Data to Make Better Investments for Your eCo | Top 3 Free SEO Plugins for Shopify
worthpoint.com,WorthPoint Corporation,inc.com_api_i5list,us,ecommerce_retail,Consumer Services,,274,5,5,3,3,en,164,Antiques Auction Forum Podcast: Repurposing with Cari Cuckse | Antique Dolls Question Session: Turn of the Century J.D. Kes | Autographs
aceup.com,AceUp,inc.com_api_i5list,us,services_other,Human Resources,,268,5,5,5,4,en,214,The AceUp Blog | Change Your Perspectives | resignation lett | Experiencing Caregiver Burnout? Here’s A Proven Antidote | Ideas for Successful Team Building Activities for Work
corsicatech.com,Corsica Technologies,inc.com_api_i5list,us,services_other,IT Services,,259,5,5,4,3,en,155,Leadership and Achievements on CRN’s 2021 Women of the Chann | Internet of Things (IoT) - It's Real and Here's Why You Shou | 4 Steps for Surviving the Windows Server 2003 End of Support
realmanage.com,RealManage,inc.com_api_i5list,us,services_other,Real Estate,,255,5,5,4,4,en,204,9 Habits of Extremely Productive Community Association Manag | 5 Ways to Keep Your HOA's Financial Stability | Dealing with Mold in Your Community Association
logicbroker.com,Logicbroker,inc.com_api_i5list,us,software_saas,Software,,236,5,5,4,3,en,142,What is an EDI 832? | Best Practices in Affiliate Marketing | Eliminate manual work by using Dynamics GP workflows
hiverhq.com,Hiver,g2.com_wayback,us,software_saas,Help Desk,,225,5,5,3,3,en,135,Leave a Reply Cancel reply | 10 Writing Mistakes That Make Your Emails Ineffective | Hiver now automatically adds new sent emails to Shared Mailb
ketoand.co,LongRun,inc.com_api_i5list,us,ecommerce_retail,Food & Beverage,,221,5,5,3,3,en,133,Keto Soup Recipes You Need To Know About | Keto Granola and Yogurt Cups | Cozy Up to This Rich and Milky Keto Hot Cocoa Made with Wond
bearaby.com,Bearaby,inc.com_api_i5list,us,ecommerce_retail,Consumer Products,,215,5,5,5,5,en,215,What Causes Snoring and How to Stop it? | Why Do I Twitch as I'm Falling Asleep? | Importance of Sleep for Healthy Aging
symplr.com,Vendor Credentialing Service,inc.com_api_i5list,us,health,Software,,213,5,5,4,4,en,170,How Hospital Supply Chain Leaders Can Thrive in a Virtual En | Change Management: Understanding the Emotional Impact of New | MSPs: Natural Born Leaders
kipsu.com,Kipsu Inc,inc.com_api_i5list,us,software_saas,Software,,194,5,5,2,2,en,78,Driving better patient outcomes with digital messaging | Kip | PAH Management Chooses Kipsu as Their Real-Time Engagement P | 5 Ways Kipsu Drives Hotel Efficiency | Kipsu
cascade.app,Cascade Strategy,inc.com_api_i5list,us,software_saas,Software,,192,5,5,5,5,en,192,Customer Service KPIs - The Key Metrics To Track | Gap Analysis: Guide and Template | Transitioning Your Strategic Plan
autorabit.com,AutoRABIT,g2.com_wayback,us,devtools,Continuous Integration,,187,5,5,3,3,en,112,WEBINAR : Becoming a Salesforce Release Automation Superstar | 8 Common Salesforce Security Mistakes That Put You at Risk - | What Are Salesforce Change Sets? - AutoRABIT
starburst.io,Starburst,inc.com_api_i5list,us,software_saas,Software,,184,5,5,4,3,en,110,Going from Data-Driven to Insights-Driven with a SQL Query E | The Future of Analytics: In Conversation With Matt Fuller | Starburst Stargate: The Final Frontier in Analytics Anywhere
triaxtec.com,Triax Technologies,inc.com_api_i5list,us,software_saas,Software,,183,5,5,3,2,en,73,"2017 Year in Review - Triax Technologies | 3 Key Elements To Making A COVID-Safe Workspace | The 3 I's of Installation, Identification, and Insurance"
intekfreight-logistics.com,InTek Freight & Logistics,inc.com_api_i5list,us,services_other,Logistics & Transportation,,181,5,5,4,4,en,145,Logistics Service Provider (LSP) Defined in 100 Words | Logistics and Supply Chain Trends: 2022 and Beyond | Advantages of Outsourcing Your Freight Logistics to an LSP
drinksupercoffee.com,Kitu Life Super Coffee,inc.com_api_i5list,us,ecommerce_retail,Food & Beverage,,179,5,5,4,3,en,107,Positive Energy In Action | Super Coffee | L-Theanine Pros And Cons: Benefits And Side Effects | Super  | The Many Benefits Of Black Coffee – Other Than Staying Awake
privy.com,Privy,g2.com_wayback,us,software_saas,Email Marketing,,174,5,5,4,3,en,104,How to Build an Email List | How Dormify Stays Nimble for an Ever-Changing Audience with  | Free Resources To Get Smart and Jumpstart Your Ecommerce Bus
bookkeeper360.com,Bookkeeper360,inc.com_api_i5list,us,services_other,Financial Services,,172,5,4,4,3,en+other,103,What is a Xero Advisor? | Bookkeeper360 | How to Connect Financial Data to Business Goals | Bookkeeper | Top 10 Ways to Create a Millennial-Friendly Environment | Bo
patternlife.com,Pattern,inc.com_api_i5list,us,fintech_insurance,Insurance,,167,5,5,3,2,en,67,Digging Into Your Disability Insurance Meeting | Pattern Lif | How to get disability insurance easily as a doctor with Patt | Practical Wellness Definition
agilethought.com,AgileThought,inc.com_api_i5list,us,services_other,IT Services,,161,5,5,2,2,en,64,Extreme Team Building Through 200 Mile Relay | 5 Reasons Why Backlog Refinement is Crucial for Agile Planni | Chris Spagnuolo Joins AgileThought as Principal Product Cons
circleci.com,CircleCI,g2.com_wayback,us,devtools,Continuous Integration,,158,5,5,2,2,en,63,Automate and scale your CI/CD with CircleCI orbs | Check Out CircleCI at DeveloperWeek 2016 | CircleCI config teardown: How we write our CircleCI config a
appwinit.com,WinIt,inc.com_api_i5list,us,services_other,Consumer Products,,158,5,5,5,4,en,126,Finally Some Good News: NYC Traffic Fatalities Drop For Thir | NYS Motorcycle Laws | WinIt App | Fire Hydrant Tickets in Texas | WinIt App
computersolutionseast.com,Computer Solutions East,inc.com_api_i5list,us,services_other,IT Services,,156,5,5,5,5,en,156,IT Operating model in Cloud | computersolutionseast | Managed Cloud Service Providers | computersolutionseast | Cloud Application Modernization | computersolutionseast
letstalkinteractive.com,Let's Talk Telehealth Video Conferencing Office Suite,g2.com_wayback,,health,Telemedicine,,153,5,5,2,2,en,61,Is Zoom HIPAA Compliant? | Press Release: Let’s Talk Interactive Welcomes Caitlin Wolf  | World Mental Health Day - How Virtual Care Benefits Behavior
geturns.com,GetUrns,inc.com_api_i5list,us,ecommerce_retail,Consumer Products,,147,5,5,5,4,en,118,Cremation Jewelry - The Origins and Purpose of Jewelry in Mo | What are the 5 Major Ideas for An End-of-life Plan? | Hosting an Online Memorial for Your Loved One
blueorangegames.com,Blue Orange,ft1000_wayback:20230425220624,eu,ecommerce_retail,Games industry,,145,5,5,3,2,en,58,"Marketing and Sales Tips for Small Businesses – Finale - Blu | Why You Should Tease Your Brain - Blue Orange Games Blog | Congratulations to Bird in Hand in Chico, CA for Winning Jul"
una.com,UNA,inc.com_api_i5list,us,services_other,Business Products & Services,,144,5,5,3,3,en,86,The Gatekeepers of Supplier Innovation | How to Choose the Best Procurement Software | Is Centralized Procurement Right for You? What You Need to K
mydbsync.com,DBSync,inc.com_api_i5list,us,software_saas,IT Services,,141,5,5,4,3,en,85,DBSync – Marketing Automation and CRM Platforms Integration | DBSync – Data Archival Solutions with Cloud Replication | DBSync Blogs | Smart inventory management with QuickBooks an
eatwellnashville.com,Eat Well Nashville,inc.com_api_i5list,us,ecommerce_retail,Food & Beverage,,140,5,5,5,4,en,112,It's Grillin' Time! | Support Your Local Mom & Pop Shop! | Drinking Water Is The Most Important Thing You Can Do Today
kitrum.com,Kitrum,inc.com_api_i5list,us,services_other,IT Services,,139,5,5,5,5,en,139,Create Custom CRM: How Much Money and Time Does It Take? | Serverless Approach Is Moving Node.js Forward. Are You In? | How to Decrease Attrition Rate with the Help of Outsourcing 
popularpays.com,Popular Pays,yc_directory,us,software_saas,saas,,138,5,5,3,3,en,83,"Byte vs. TikTok | Popular Pays | Make Noise, with Purpose - Popular Pays | Spotlight: New York City Influencers | Popular Pays"
vestwell.com,Vestwell,inc.com_api_i5list,us,fintech_insurance,Financial Services,,137,5,5,2,2,en,55,"Top Mistakes Made by 401(k) Plan Sponsors | Vestwell | Wolters Kluwer’s ftwilliam.com Partners with Vestwell to Bri | Vestwell Launches Next Evolution of its 401(k) Platform, Rem"
itprosusa.com,Information Technology Professionals,inc.com_api_i5list,us,services_other,IT Services,,135,5,5,4,2,en,54,Sign Up for YouTube Recordings of the After Work Network - I | Weather-proof Your Business with a Mobile Work Environment - | Tips for Keeping Your Information Safe While Using Public Wi
intakeq.com,IntakeQ,g2.com_wayback,other,health,Telemedicine,,135,5,5,3,3,en,81,How to Declutter Your Email to Achieve Inbox Zero | Patient intake efficiency: 5 strategies - Online Intake Form | Teletherapy Best Practices to Get You Up and Running Fast - 
juliannarae.com,Julianna Rae,inc.com_api_i5list,us,ecommerce_retail,Retail,,132,5,5,2,2,en,53,"Lingerie styles from the past: a peek at the &#8217;50s, &#8 | Celebrate! A 3-Day weekend is HERE! | Hello July! &#8230;and Welcome National Ice Cream Month!"
mckeehomesnc.com,McKee Homes,inc.com_api_i5list,us,services_other,Real Estate,,128,5,5,4,2,en,51,Find A New Home – 2021 Edition | McKee Homes | Behind-The-Scenes: Designing Your New Home I Design Studio | Improved Insulation and Air Infiltration Systems
avantstay.com,AvantStay,inc.com_api_i5list,us,services_other,Travel & Hospitality,,117,5,5,5,5,en,117,Top 10 Best Lake Tahoe Hiking Trails | Atlas by AvantStay® | Atlas by AvantStay | AvantStay’s Top Destinations to WFH on Vacation | AvantStay®
swellcx.com,Swell,g2.com_wayback,us,software_saas,Accounting,,117,5,5,4,2,en,47,Subscribe to Our Newsletter | Subscribe to Our Newsletter | 11 Ways To Stand Out With Online Reviews
fourthandheart.com,4th & Heart,inc.com_api_i5list,us,ecommerce_retail,Food & Beverage,,113,5,5,2,2,en,45,Your New Favorite Oatmeal | How much does 4th & Heart ghee cost? | 10 Delicious Cold Weather Keto Recipes Featuring Ghee
textiq.com,Text IQ,inc.com_api_i5list,us,software_saas,Software,,112,5,5,4,4,en,90,"Better Walls, Better eDiscovery - Text IQ | Insights From The Inevitable: Predictions on Federal Privacy | Insights From The Inevitable: Cyber Insurance in the Data Br"
intimetec.com,In Time Tec,inc.com_api_i5list,us,services_other,Software,,111,5,5,4,2,en,44,Discover Yourself as a Leader | Press Release- In Time Tec opens new Meridian Office | Seven Benefits of Modernizing Legacy Software or Systems
climbcredit.com,Climb Credit,inc.com_api_i5list,us,fintech_insurance,Education,,104,5,5,4,3,en,62,Spring Cleaning Your Finances | 9 Steps to a Stronger LinkedIn Profile | The Career Learnscape: Lifelong Learning Meets Workforce Pla
somerfordassociates.com,Somerford Associates,ft1000_wayback:20220301043147,uk,services_other,Technology,,101,5,5,5,3,en,61,Centrify Zero Trust: Top 3 PAM features for Infrastructure S | Blog Post: Office 365 Lifecycle Management with Okta | Blog: Extending Vault - Zero Trust with HashiCorp Boundary
birddoghr.com,BirdDogHR,inc.com_api_i5list,us,software_saas,Software,,98,5,5,3,2,en,39,Planning for Success | What New Hires Want | How to Recruit for Retention
pingidentity.com,Ping Identity,g2.com_wayback,us,software_saas,Identity and Access Management (IAM),,97,5,5,3,3,en,58,Encryption: You gotta have heart | How the modern computing era will change IAM game | Why PingOne's heart doesn't skip a beat: MySQL Galera
awkwardstyles.com,AWKWARD STYLES,inc.com_api_i5list,us,ecommerce_retail,Retail,,92,4,4,4,4,en,92,Halloween Marketing and Print on Demand Design Ideas - Awkwa | Marketing Musts for Defining Your Target Audience - Awkward  | Top 6 Creative Mockup Generators in 2021 - Awkward Styles Bl
jiminys.com,Jiminy's,inc.com_api_i5list,us,ecommerce_retail,Consumer Products,,89,5,5,5,5,en,89,Helpful Tips on How to Walk Dogs on a Leash | Ways to Help Your Aging Dog with Mobility Issues | How To Keep Your Dog Calm This 4th of July
crosslaketech.com,Crosslake Technologies,inc.com_api_i5list,us,services_other,IT Services,,88,5,5,3,2,en,35,"Press Release: New Book Warns of No ""Silver Bullet"" to Corre | The Adversity of Training - Crosslake Blog | Using a Test Oracle - Crosslake Blog"
inovapayroll.com,Inova Payroll,inc.com_api_i5list,us,software_saas,Human Resources,,87,5,5,5,5,en,87,Regulatory Changes that Impact HR and Payroll in 2018 | Returning to the Office During COVID-19 | 8 Tips for Writing Inclusive Job Descriptions
terralogic.com,Terralogic Technologies,inc.com_api_i5list,us,services_other,IT Services,,87,5,5,3,2,en,35,Schedule Meeting | Schedule Meeting | Schedule Meeting
liquipel.com,Liquipel,inc.com_api_i5list,us,ecommerce_retail,Consumer Products,,86,5,5,2,2,en,34,Facebook Introduces New Dating App - Liquipel Blog | The Future of the iPhone - Liquipel Blog | 3 Best Dive Sites In The World - Liquipel Blog
leadspace.com,Leadspace,inc.com_api_i5list,us,software_saas,Software,,86,5,5,4,4,en,69,"7 Best Practices for Effective Data Management in 2019 | Top 25 Inside Sales and Sales Enablement Blogs | Martech Interview with Amnon Mishor, Founder and CTO, Leadsp"
avocademy.com,Avocademy,yc_directory,us,edtech,other,,85,4,4,4,3,en,64,What Does an Entry-Level UX Designer Do? | The Best UX Design Bootcamps of 2022 | Why UX/UI design can be the perfect career for introverts?
listingspark.com,ListingSpark,inc.com_api_i5list,us,services_other,Real Estate,,85,5,5,5,4,en,68,"Get Your Home Ready to Sell in 2019 - ListingSpark | 7 Social Media Tricks to Increase Flip Profit and Home Equit | How Photos Can Increase Flip Profits up to $11,000 - Listing"
skgtexas.com,Shelton-Keller Group,inc.com_api_i5list,us,services_other,Business Products & Services,,81,5,5,2,2,en,32,SKG Is Among Austin’s Fastest Growing Companies | Embracing Gen Z | Tips for a Healthy Work Experience
trustradius.com,TrustRadius,inc.com_api_i5list,us,services_other,Business Products & Services,,78,5,5,3,3,en,47,Qualaroo | Embracing Transparency: The Next Big Trend in B2B Technology | Qualaroo
skingymco.com,Skin Gym,inc.com_api_i5list,us,ecommerce_retail,Retail,,78,5,5,4,3,en,47,6 Skin Care Tools You Should Be Adding to Your Skin Care Rou | Model Beauty Routine: Kelsey Kinsel | How to Use Your Microroller Like a Pro
telliant.com,Telliant Systems,inc.com_api_i5list,us,services_other,Software,,77,5,5,4,3,en,46,Benefits of Offshore Outsourcing during Economic Slowdown | How to Get the Most Out of Embedded Analytics To Help Your F | Continuous Software Delivery is important to Your Business S
markaz.app,Markaz Technologies,yc_directory,us,ecommerce_retail,ecommerce,,77,5,5,5,5,en,77,How to make money online in Pakistan without investment? | 15 Unique Online Business Ideas For Budding Pakistani Entrep | How To Successfully Sell Jewellery Online in Pakistan (Pract
westpacwealth.com,WestPac Wealth Partners,inc.com_api_i5list,us,fintech_insurance,Financial Services,,76,5,5,2,2,en,30,Best companies to work for in Oregon | Establishing a Secure Financial Foundation | The Common Element Among Unique and Successful Businesses
iconicit.com,Iconic IT,inc.com_api_i5list,us,services_other,IT Services,,72,5,5,4,4,en,58,Adaptive Manufacturing Technology and the Modern Factory | Are Office Football Pools a Good Idea? | Virtual Mission Briefing with Iconic IT's Matt Lee along wit
inito.com,Inito,yc_directory,us,health,ecommerce,,70,5,5,5,5,en,70,How To Know If You Are Ovulating Late? A Simple Guide For Wo | Ovulation bleeding vs. Implantation bleeding: How long does  | Using Ovulation Tests with PCOS: Can You Trust the Accuracy?
evonence.com,Evonence,inc.com_api_i5list,us,services_other,Business Products & Services,,70,5,5,5,3,en,42,End Point Verification for G suite | G Suite Collaboration Software For Car Dealers | G Suite basic: Restore Deleted Data
radiusnetworks.com,Radius Networks,inc.com_api_i5list,us,software_saas,Software,,70,5,5,5,4,en,56,"Beacon Monitoring in the Background and Foreground | Beacon Ranging, Region Monitoring, and Advertising in iOS 11 | Geofence Performance Testing on iOS"
dynatrace.com,Dynatrace,g2.com_wayback,us,software_saas,Application Performance Monitoring (APM),,66,5,5,2,2,en,26,"Dynatrace Europe Tour: APM Perspectives from London, Paris & | The era of servlet containers is over | Dynatrace blog – mon | Introducing the Topology and Smartscape API | Dynatrace blog"
sandcloud.com,Sand Cloud,inc.com_api_i5list,us,ecommerce_retail,Retail,,62,5,5,4,3,en,37,The Last Straw | Turkish Towels 101: What are turkish towels? | Problematic Plastic
embarksafety.com,Embark Safety,inc.com_api_i5list,us,software_saas,Software,,61,5,5,4,2,en,24,“High-risk driver” in the eyes of commercial auto insurance | Truck Driver Shortage Increases the Importance of Hiring the | How-to Keep Fleet Insurance Premiums Low
substack.com,Substack,yc_directory,us,software_saas,ecommerce,,60,5,5,2,2,en,24,The Substack Christmas Gift Guide | New on Substack: Publishing tools for teams | New: Add sections to your publication
dexatel.com,Dexatel,ft1000_wayback:20220301043147,eu,software_saas,Technology,,60,5,5,5,4,en,48,Check to See What the Clear Point of Difference in Mobile Ma | Why Use SMS Notifications For Your Business? | Text Messaging Service for Schools: Everything You Need to K
govpredict.com,GovPredict,yc_directory,us,software_saas,saas,,57,5,5,2,2,en,23,Evidence and Policy Decisions: Report from American Enterpri | ASAE American Associations Day “Fly-In” A Success Thanks to  | GovPredict Launches Massive Upgrade to Moneyball
foster.co,Foster,yc_directory,us,ecommerce_retail,ecommerce,,49,5,5,4,4,en,39,Foster | Foster | Foster
atlassian.com,Bamboo,g2.com_wayback,other,devtools,Continuous Integration,,45,5,5,4,4,en,36,Confluence 101: 5 Things to Try in Confluence Mobile | Git: automatic merges with server side hooks (for the win!)  | What is version control: centralized vs. DVCS - Work Life by
ntechlab.com,NtechLab,ft1000_wayback:20220301043147,eu,software_saas,Technology,,42,5,5,5,5,en,42,Facial Recognition against COVID-19 - NtechLab | NtechLab | Dark Data: How to use 100% of Information - NtechLab | Ntech | Facial recognition video analytics is evolving. Trends in 20
meridianpacificproperties.com,Meridian Pacific Properties,inc.com_api_i5list,us,services_other,Real Estate,,42,5,5,3,2,en,17,Investment Strategy | The Evolution of a Property Management Company | Residential Real Estate Investment Makes a Comeback - www.me
dataform.co,Dataform,yc_directory,eu,devtools,saas,,40,4,4,3,3,en,30,Converting Looker PDTs to the Dataform framework | Building the Dataform VS Code extension | How we store protobufs in MongoDB
actionbehavior.com,Action Behavior Centers,inc.com_api_i5list,us,health,Health Services,,39,5,5,4,3,en,23,Famous People With ASD | 14 Tips from Autism Experts and Parents in the Autism Commun | Applied Behavior Analysis (ABA) or Preschool Program for Chi
tropicalgardenslandscape.com,Tropical Gardens Lawn and Landscape,inc.com_api_i5list,us,services_other,Construction,,37,5,5,5,5,en,37,"Gas Fire Pits vs. Wood-Burning Fire Pits Sunday, January 17, | 4 Of The Latest Trends In Landscape Lighting Thursday, May 0 | 3 Steps to Designing the Perfect Raised Garden Bed Wednesday"
resnickroof.com,Resnick Roofing & Contracting,inc.com_api_i5list,us,services_other,Construction,,36,5,5,2,2,en,14,"Resnick Roofing & Contracting is named Best of the Best by T | Resnick Roofing & Contracting, LLC to Attend the 2020 Pittsb | Resnick Roofing & Contracting LLC Ranks No. 916 on the 2019 "
peakflo.co,Peakflo,yc_directory,us,fintech_insurance,fintech,,33,4,4,4,4,en,33,"What are Smart Invoice Reminders, and How to Automate Them?  | Calculating Your Accounts Receivable Collection Period - Ach | What are Invoice Reminders, and How to Automate Them? - Achi"
lumaforge.com,LumaForge,inc.com_api_i5list,us,services_other,Computer Hardware,,32,5,5,4,3,en,19,Backup & Archive Your Video Projects | Video Marketing 101 | 4 Steps To Incorporating Video Into Your Brand Strategy
nickelandsuede.com,Nickel & Suede,inc.com_api_i5list,us,ecommerce_retail,Consumer Products,,32,5,5,3,2,en,13,Autumn Reverie Collection | Such Great Brights | How To Style Pink Desert
safelifedefense.com,Safe Life Defense,inc.com_api_i5list,us,ecommerce_retail,Manufacturing,,32,5,5,3,3,en,19,New Product Release: Introducing the Ultimate Triple Mag Pou | Certified Means Safe: Testing Matters MORE Than You Think | Protective Police Equipment Funding: What a Vest Partnership
moresurfacecare.com,MORE Surface Care,inc.com_api_i5list,us,ecommerce_retail,Consumer Products,,31,5,5,4,2,en,12,How to Care for Your Natural Stone Countertops During the CO | Pre-Cast vs. Cast-In-Place Concrete Countertops | How To Clean Luxury Vinyl Flooring 101
azinsulation.com,Barrier Insulation & Energy,inc.com_api_i5list,us,services_other,Consumer Products,,30,5,5,5,5,en,30,Best Insulation For Hot Climates - Barrier Insulation Blog | Best Type Of Insulation For Basement Walls | Best Type Of Insulation For Basement Walls
xevant.com,Xevant,inc.com_api_i5list,us,health,Software,,28,4,4,4,4,en,28,"4 Ways Predictive Analytics in Healthcare is Improving Patie | How Biosimilars are Improving Drug Spending - Xevant | 30 Years of PBM Evolution: The Good, The Bad, The Revolution"
infoverity.com,Infoverity,inc.com_api_i5list,us,services_other,Business Products & Services,,28,5,5,4,4,en,22,Upgrading to Informatica MDM 10 | Blog | Well Head Intelligence With Big Data in Shale - Infoverity
hypotenuse.ai,Hypotenuse AI,yc_directory,us,software_saas,ecommerce,,27,5,5,5,5,en,27,Product Description Generators: Write SEO Product Descriptio | Writing social media posts? Here's how you can give your bra | Omnichannel Marketing Automation at Every Stage of the Conve
supertokens.com,SuperTokens,yc_directory,us,devtools,devtools,,27,5,5,5,5,en,27,Implementing a forgot password flow (with pseudo code) | Cookies vs Localstorage for sessions – everything you need t | What is Roles-Based Access Control (RBAC)??
bottomless.com,Bottomless,yc_directory,us,ecommerce_retail,ecommerce,,27,5,5,3,3,en,16,Michael's Coffee Journey | A customer who saves each bag and frames it. | The 23 Best Uses of Your Coffee Time | Bottomless
proofed.com,Proofed,inc.com_api_i5list,us,services_other,Business Products & Services,,26,5,5,2,2,en,10,Our successful crib to big bed move | 6 Free (and Awesome) Baby Proofing Resources | How to baby proof baby teeth
ebsassociates.com,Ebs Associates,inc.com_api_i5list,us,fintech_insurance,Financial Services,,26,5,5,2,2,en,10,"QuickBooks Portable File - Statement Writer | ebs Associates | Customize Form Templates Archives | ebs Associates, Inc. | QuickBooks Portable File - Restoring QuickBooks Loan Manager"
buzzybooth.com,BuzzyBooth,inc.com_api_i5list,us,services_other,Business Products & Services,,25,5,5,3,2,en,10,How to Effectively Market your Dental Practice | Case Study: How Contact Collection Rocketed Hurricane's Dail | Case Study: How Automated Review Requests Transformed This R
